label,dimension,kappa,percent_agreement,annotator_1_count,annotator_2_count
AGRESJA_WERBALNA,emocje,0.6747438607903724,0.936,66,44
STRATEGIA_STRACHU,emocje,0.3425546448087432,0.846,99,30
DEHUMANIZACJA_POGARDA,emocje,0.333119931711481,0.95,21,18
DUMA_I_SUKCES,emocje,0.49806396099239936,0.888,82,44
MESJANIZM_MORALNY,emocje,0.4214238483579458,0.916,26,52
POLARYZACJA_MY_ONI,techniki_retoryczne,0.5160457713154951,0.82,158,76
AD_HOMINEM,techniki_retoryczne,0.49877250409165297,0.902,77,30
OBLEZIONA_TWIERDZA,techniki_retoryczne,0.0771946718022789,0.816,96,6
PRZYPISYWANIE_ZLYCH_INTENCJI,techniki_retoryczne,0.30128271978308474,0.732,179,45
WHATABOUTISM,techniki_retoryczne,0.3691899070385125,0.962,20,11
SOFIZMAT_ROZSZERZENIA,techniki_retoryczne,0.3212669683257918,0.976,8,10
DOWOD_ANEGDOTYCZNY,techniki_retoryczne,0.1490550701077017,0.866,58,27
APEL_O_JEDNOSC,techniki_retoryczne,0.14837244511733538,0.892,54,12
