speaker,party,n_sejm,n_senat,density_sejm,density_senat,senat_later
"Arndt, Paweł",KO,51,57,0.7497910418407985,0.18447139237065158,True
"Babalski, Zbigniew",PiS,67,42,0.6756835021255072,0.6638091264271896,False
"Bartosik, Ryszard",PiS,137,53,0.6779164147382694,0.13347793442896472,True
"Bernacki, Włodzimierz",PiS,82,39,0.7045520938944547,0.49417444357858326,True
"Bogucki, Jacek",PiS,69,79,0.5825601946065947,0.6179096225873069,True
"Brejza, Krzysztof",KO,238,107,3.5288883496127323,1.5990115201511792,True
"Buda, Waldemar",PiS,207,66,0.9860478116726322,0.576401130417751,True
"Chybicka, Alicja",KO,124,109,1.434367443957215,0.7926218992026761,True
"Czabański, Krzysztof",PiS,28,80,1.5771291243178291,0.6710885680842763,True
"Dunin, Artur",KO,138,69,2.7453671928620453,1.401262421741422,True
"Gawęda, Adam",PiS,37,202,0.8200910419910384,0.48532246211018204,False
"Gembicka, Anna",PiS,22,38,0.47952431188261246,0.7571824160609207,False
"Giżyński, Szymon",PiS,95,43,1.4350260748397294,0.7588865616367666,True
"Golińska, Małgorzata",PiS,89,74,0.8671497929798984,0.32703981111456765,True
"Gowin, Jarosław",PiS,21,29,0.9192035646402642,0.6256131720009669,True
"Hibner, Jolanta",KO,38,53,2.4476594256741993,1.4468353764402588,True
"Janczyk, Wiesław",PiS,138,46,0.4736490109261354,0.2251998648800811,False
"Kaleta, Sebastian",PiS,23,73,0.8079304272045607,0.4285387779978668,False
"Kamiński, Michał",KP-PSL,130,83,2.159024471728055,1.0074980331711703,True
"Kochan, Magdalena",KO,124,235,1.8267048816758344,1.0870019649650904,True
"Kowalczyk, Henryk",PiS,204,50,0.7725200659534752,0.34323182350782927,False
"Kownacki, Bartosz",PiS,57,21,1.4374162443008691,0.7360993913714788,False
"Kołacz-Leszczyńska, Agnieszka",KO,149,80,1.9091836070553012,0.8393731707139052,True
"Kraska, Waldemar",PiS,49,206,0.4512713703028725,0.3825467073494782,False
"Krupka, Anna",PiS,33,26,0.9091964251170348,0.30142044384160355,True
"Lamczyk, Stanisław",KO,40,92,0.8739076154806492,0.7512414264572206,True
"Materna, Jerzy",PiS,39,60,0.1252919750489981,0.9186427054027675,False
"Małecka-Libera, Beata",KO,68,173,1.0945079815603231,0.5935292681489464,True
"Małecki, Maciej",PiS,119,59,1.2646060023479913,0.5133997330321388,True
"Michałek, Iwona",PiS,186,22,1.1599396454168238,0.0,True
"Michałkiewicz, Krzysztof",PiS,68,50,0.4537786219036013,0.39008216105517224,True
"Mężydło, Antoni",KO,87,39,1.2119127110096406,0.9682308037718904,True
"Naimski, Piotr",PiS,21,47,0.563529100994981,0.5422234660323235,True
"Ozdoba, Jacek",PiS,27,25,1.3739066559656115,0.20290737278432394,False
"Piontkowski, Dariusz",PiS,207,40,1.185211583215892,0.3820520439784353,True
"Radziwiłł, Konstanty",PiS,43,181,0.6263640159781915,0.49061193617956395,True
"Rzymkowski, Tomasz",PiS,95,32,1.110892193152712,0.18429782528566163,True
"Schreiber, Łukasz",PiS,206,43,1.2030431569137825,0.8637524410395073,True
"Sellin, Jarosław",PiS,67,57,0.48831062217142535,0.5420191908669767,True
"Siarka, Edward",PiS,113,44,0.5680434959019719,0.3606202668589975,True
"Skurkiewicz, Wojciech",PiS,155,122,1.138800347725297,1.0787757150025088,True
"Soboń, Artur",PiS,119,67,0.7722878811544401,0.4499812507812175,True
"Szczurek-Żelazko, Józefa",PiS,234,44,0.6981848895760996,0.22218358159933538,False
"Szefernaker, Paweł",PiS,67,44,0.7599082226972329,0.24474165358978422,False
"Szwed, Stanisław",PiS,197,201,0.4342421400979669,0.3680334744680922,True
"Sługocki, Waldemar",KO,20,369,1.0158254918733962,1.0529244436769367,False
"Tchórzewski, Krzysztof",PiS,147,20,0.6049982579291234,0.2217597488997305,False
"Uściński, Piotr",PiS,124,37,1.1042557666690036,0.49851277023546414,True
"Wawrzyk, Piotr",PiS,21,101,1.0362264776589571,0.6639927499170009,False
"Weber, Rafał",PiS,199,111,0.731521393582438,0.46800796106173764,True
"Woś, Michał",PiS,33,28,0.8100810081008101,0.7115026257834999,True
"Wójcik, Michał",PiS,143,98,0.7850289284079356,0.4319372202843526,False
"Wąsik, Maciej",PiS,98,185,1.002750502257954,1.1052000599430543,True
"Zagórski, Marek",PiS,55,22,0.19453090262338815,0.26323871364015267,True
"Ziobro, Zbigniew",PiS,78,62,0.8036997432247431,0.5234944300192645,False
"Zyska, Ireneusz",PiS,342,68,0.5182696750689986,0.35374651427969306,True
