label,group_col,n_groups,chi2,p_value,dof,cramers_v,significant
AGRESJA_WERBALNA,term,4,2667.6547279716415,0.0,3,0.12103368582962454,True
STRATEGIA_STRACHU,term,4,1527.5156661744625,0.0,3,0.09158709546022102,True
DEHUMANIZACJA_POGARDA,term,4,717.9752885755804,2.6561063088276273e-155,3,0.06279082629351702,True
DUMA_I_SUKCES,term,4,670.5220029518455,5.1735648026986974e-145,3,0.06068033455645001,True
MESJANIZM_MORALNY,term,4,51.52580757440695,3.779736210339235e-11,3,0.01682107911273072,True
POLARYZACJA_MY_ONI,term,4,1857.33725736937,0.0,3,0.10099196795060467,True
AD_HOMINEM,term,4,43.95543014381474,1.5424434914909899e-09,3,0.015536304229561636,True
OBLEZIONA_TWIERDZA,term,4,731.3948758465735,3.267602790350139e-158,3,0.06337491741721808,True
PRZYPISYWANIE_ZLYCH_INTENCJI,term,4,1469.929845603211,0.0,3,0.08984413954585878,True
WHATABOUTISM,term,4,40.4374363079287,8.606396414229229e-09,3,0.014901612186770836,True
SOFIZMAT_ROZSZERZENIA,term,4,85.3195167073204,2.2160022843884376e-18,3,0.021645401358814924,True
DOWOD_ANEGDOTYCZNY,term,4,1353.3398570263264,3.9259794797597683e-293,3,0.08620746726735959,True
APEL_O_JEDNOSC,term,4,180.6435867754149,6.404413597043429e-39,3,0.0314958057769285,True
