party,total_speeches,AGRESJA_WERBALNA,AGRESJA_WERBALNA_count,STRATEGIA_STRACHU,STRATEGIA_STRACHU_count,DEHUMANIZACJA_POGARDA,DEHUMANIZACJA_POGARDA_count,DUMA_I_SUKCES,DUMA_I_SUKCES_count,MESJANIZM_MORALNY,MESJANIZM_MORALNY_count,POLARYZACJA_MY_ONI,POLARYZACJA_MY_ONI_count,AD_HOMINEM,AD_HOMINEM_count,OBLEZIONA_TWIERDZA,OBLEZIONA_TWIERDZA_count,PRZYPISYWANIE_ZLYCH_INTENCJI,PRZYPISYWANIE_ZLYCH_INTENCJI_count,WHATABOUTISM,WHATABOUTISM_count,SOFIZMAT_ROZSZERZENIA,SOFIZMAT_ROZSZERZENIA_count,DOWOD_ANEGDOTYCZNY,DOWOD_ANEGDOTYCZNY_count,APEL_O_JEDNOSC,APEL_O_JEDNOSC_count
KO,67855,0.11782477341389729,7995,0.13043990862869353,8851,0.03679905681232039,2497,0.12371969641146563,8395,0.03796330410434014,2576,0.40894554564880997,27749,0.05415960504015916,3675,0.1203743276103456,8168,0.2550291061823005,17305,0.021884901628472477,1485,0.031257829194606145,2121,0.1483457372338074,10066,0.025583965809446614,1736
KP-PSL,12381,0.07277279702770374,901,0.09159195541555609,1134,0.02834989096195784,351,0.14393021565301672,1782,0.03311525724901058,410,0.31507955738631777,3901,0.04240368306275745,525,0.09126887973507794,1130,0.17163395525401826,2125,0.025603747677893546,317,0.02099991923107988,260,0.11824569905500364,1464,0.045876746627897584,568
Konfederacja,2370,0.2468354430379747,585,0.3649789029535865,865,0.21012658227848102,498,0.2949367088607595,699,0.14177215189873418,336,0.8953586497890296,2122,0.11940928270042193,283,0.22489451476793249,533,0.6054852320675106,1435,0.07088607594936709,168,0.1911392405063291,453,0.3759493670886076,891,0.0270042194092827,64
Kukiz15,9511,0.04531594995268636,431,0.05362212175375881,510,0.020502575964672483,195,0.0957838292503417,911,0.02081800021028283,198,0.20733887078120072,1972,0.022500262853538008,214,0.046051939859110505,438,0.08737251603406582,831,0.010619282935548313,101,0.01713805067816213,163,0.08674166754284512,825,0.02407738408158974,229
Lewica,12355,0.07656819101578308,946,0.11606636989073249,1434,0.03197086199919061,395,0.11290975313638203,1395,0.030352084176446782,375,0.3074868474301902,3799,0.03553217320922703,439,0.07753945770942938,958,0.16349656009712668,2020,0.012302711452853096,152,0.019587211655200325,242,0.12173209227033589,1504,0.029461756373937678,364
PiS,76377,0.049242573025910945,3761,0.03203844089189154,2447,0.022532961493643373,1721,0.15162941723293663,11581,0.032562158765073256,2487,0.21900572161776452,16727,0.04430653207117326,3384,0.053563245479660106,4091,0.07455123924741741,5694,0.02189140709899577,1672,0.00890320384408919,680,0.061916545556908495,4729,0.04210691700381005,3216
PrzywrócićPrawo,289,0.23183391003460208,67,0.19377162629757785,56,0.13494809688581316,39,0.20761245674740483,60,0.11764705882352941,34,0.8200692041522492,237,0.12110726643598616,35,0.22837370242214533,66,0.5086505190311419,147,0.0726643598615917,21,0.10726643598615918,31,0.39100346020761245,113,0.05190311418685121,15
Teraz,483,0.4057971014492754,196,0.2318840579710145,112,0.16356107660455488,79,0.15320910973084886,74,0.10144927536231885,49,0.8136645962732919,393,0.2318840579710145,112,0.2422360248447205,117,0.5238095238095238,253,0.062111801242236024,30,0.051759834368530024,25,0.2774327122153209,134,0.049689440993788817,24
UPR,482,0.12448132780082988,60,0.1908713692946058,92,0.08091286307053942,39,0.35269709543568467,170,0.07883817427385892,38,0.7240663900414938,349,0.11618257261410789,56,0.17219917012448133,83,0.36721991701244816,177,0.05186721991701245,25,0.07676348547717843,37,0.3257261410788382,157,0.06224066390041494,30
