party,AGRESJA_WERBALNA_norm,STRATEGIA_STRACHU_norm,DEHUMANIZACJA_POGARDA_norm,DUMA_I_SUKCES_norm,MESJANIZM_MORALNY_norm,POLARYZACJA_MY_ONI_norm,AD_HOMINEM_norm,OBLEZIONA_TWIERDZA_norm,PRZYPISYWANIE_ZLYCH_INTENCJI_norm,WHATABOUTISM_norm,SOFIZMAT_ROZSZERZENIA_norm,DOWOD_ANEGDOTYCZNY_norm,APEL_O_JEDNOSC_norm
KO,0.2637395262914825,0.29197730421587387,0.08237118163224913,0.27693474962063735,0.08497723823975721,0.38377705552866326,0.05082636055597814,0.11296590830509647,0.23933337943434063,0.0205379987552728,0.02933407094945024,0.13921582186570777,0.024009404605490628
KP-PSL,0.19681083442551334,0.2477064220183486,0.07667103538663171,0.3892529488859764,0.08955875928352992,0.37910592808551996,0.0510204081632653,0.1098153547133139,0.206511175898931,0.030806608357628766,0.025267249757045675,0.1422740524781341,0.05519922254616132
Konfederacja,0.1961112973516594,0.2899765336909152,0.16694602748910495,0.23432785786121357,0.11263828360710694,0.3566986048075307,0.047571020339552864,0.08959488989746175,0.24121701126239706,0.028240040342914777,0.07614725163893091,0.14977307110438728,0.010758110606824677
Kukiz15,0.19198218262806235,0.22717149220489977,0.08685968819599107,0.40579064587973274,0.08819599109131403,0.41315734338990157,0.04483553320762623,0.09176618478944061,0.17410433689503457,0.021160695579300233,0.03415042949926671,0.17284726587052168,0.047978210768908444
Lewica,0.20814081408140814,0.3155115511551155,0.08690869086908691,0.3069306930693069,0.08250825082508251,0.40082295843004856,0.04631778856298797,0.101076176408525,0.2131251318843638,0.016037138636843216,0.02553281282971091,0.15868326651192233,0.03840472673559823
PiS,0.17097786061735692,0.11124244215120245,0.07823794153748238,0.526480883756876,0.11306087193708234,0.4161669942527306,0.08419376508347225,0.10178389271763741,0.14166645933371483,0.04159928345731844,0.01691836887020128,0.11765730351056156,0.08001393277436371
PrzywrócićPrawo,0.26171875,0.21875,0.15234375,0.23437499999999997,0.1328125,0.35639097744360904,0.05263157894736842,0.09924812030075188,0.2210526315789474,0.031578947368421054,0.04661654135338346,0.1699248120300752,0.022556390977443608
Teraz,0.3843137254901961,0.2196078431372549,0.15490196078431373,0.1450980392156863,0.09607843137254903,0.36121323529411764,0.10294117647058823,0.10753676470588236,0.23253676470588236,0.027573529411764705,0.02297794117647059,0.12316176470588235,0.022058823529411763
UPR,0.15037593984962405,0.23057644110275685,0.09774436090225563,0.42606516290726815,0.09523809523809523,0.38183807439824946,0.0612691466083151,0.09080962800875274,0.19365426695842453,0.027352297592997815,0.04048140043763677,0.17177242888402627,0.03282275711159738
