speaker,party,total_speeches,total_chars,median_chars,labels_per_speech,labels_per_1000_chars,density_odd,density_even
"Jachira, Klaudia",KO,162,204611,1125.0,4.567901234567901,3.6166188523588665,3.5193857072220123,3.715457089919975
"Rutnicki, Jakub",KO,140,152781,1055.0,3.7071428571428573,3.397019262866456,3.354453969437197,3.4381961703387973
"Tarczyński, Dominik",PiS,56,63961,860.0,3.875,3.3926924219446226,4.395338521714585,2.7577753945150913
"Wcisło, Marta",KO,165,169369,954.0,3.4424242424242424,3.3536243350317942,3.355003482702577,3.3521969505821287
"Braun, Grzegorz",Konfederacja,311,409211,973.0,4.369774919614148,3.321025094633331,3.3122524285008668,3.329962260427715
"Sterczewski, Franciszek",KO,152,199112,1091.5,4.098684210526316,3.128892281730885,3.2761843506924206,2.9817480874646103
"Kowalski, Janusz",PiS,141,188263,1105.0,4.127659574468085,3.091419981621455,3.2844813917140465,2.920905480699017
"Piątkowski, Krzysztof",KO,82,102467,969.5,3.792682926829268,3.0351235031766324,2.8418180107273923,3.243330900835158
"Szłapka, Adam",KO,283,358914,1089.0,3.7985865724381624,2.9951464696278216,3.075410435816527,2.9188272510843687
"Berkowicz, Konrad",Konfederacja,72,103528,1042.0,4.277777777777778,2.9750405687350283,3.165698256862352,2.797567980901936
"Krzywonos-Strycharska, Henryka",KO,74,64215,628.0,2.581081081081081,2.9743829323366815,3.1337047353760443,2.8200962511111793
"Joński, Dariusz",KO,86,114163,1119.5,3.941860465116279,2.969438434519065,3.0588929018943025,2.888388012354955
"Senyszyn, Joanna",Lewica,88,109458,888.5,3.659090909090909,2.9417676186299766,2.9752244942118358,2.9074074074074074
"Lassota, Józef",KO,193,209146,953.0,3.1139896373056994,2.8735906974075527,2.8016543101640967,2.9460310148932902
"Mieszkowski, Krzysztof",KO,234,290419,935.5,3.534188034188034,2.84760983269001,2.737456559864875,2.9728616000470947
"Grabczuk, Krzysztof",KO,146,146567,961.0,2.828767123287671,2.8178239303526715,2.710928109255518,2.9401009288378557
"Suski, Paweł",KO,73,100471,1018.0,3.808219178082192,2.766967582685551,2.881132696740204,2.6600358526571446
"Korwin-Mikke, Janusz",Konfederacja,173,255302,1076.0,4.08092485549133,2.765352406169948,2.8084838680686617,2.718060733465815
"Krawczyk, Michał",KO,66,91237,1160.0,3.8181818181818183,2.7620373313458355,2.762309817161398,2.761764899283256
"Szczerba, Michał",KO,581,744102,1001.0,3.5283993115318415,2.754998642659205,2.718066061287317,2.792426894967408
"Prokop-Paczkowska, Małgorzata",Lewica,54,70445,1047.0,3.5185185185185186,2.6971396124636238,3.0171073094867804,2.4285154719937325
"Chmiel, Małgorzata",KO,389,446473,858.0,3.0925449871465296,2.694451848152072,2.5063496986512654,2.9103468844856866
"Urbaniak, Jarosław",KO,157,236136,998.0,4.038216560509555,2.6848934512314937,2.7198863537931155,2.6514209959400117
"Gajewska, Kinga",KO,61,73014,1001.0,3.180327868852459,2.6570246801983184,3.0362922860989374,2.309529433377949
"Stasiński, Michał",KO,95,137530,1064.0,3.8421052631578947,2.65396640732931,2.6937451519638955,2.6116322701688555
"Nitras, Sławomir",KO,400,605873,1213.5,4.015,2.6507205305402284,2.7719953740770396,2.5458060385164756
"Mroczek, Czesław",KO,114,179127,1249.0,4.140350877192983,2.6350019818341175,2.6844877385739365,2.586909138944541
"Ruszczyk, Leszek",KO,76,80225,877.5,2.776315789473684,2.6301028357743848,2.717260616553648,2.5362975232278266
"Wielichowska, Monika",KO,250,383298,1143.0,3.98,2.595891447385585,2.6624705984841883,2.534638388250498
"Łośko, Magdalena",KO,50,54446,935.0,2.82,2.5897219263123095,2.325914263221928,2.8679245283018866
"Scheuring-Wielgus, Joanna",Teraz,297,436555,973.0,3.8013468013468015,2.5861575288337093,2.6231231300451325,2.549649878436336
"Nowacka, Barbara",KO,103,179613,1216.0,4.504854368932039,2.5833319414518994,2.331847352177534,2.914324031567545
"Gajewska, Aleksandra",KO,56,84131,1191.5,3.857142857142857,2.5674246116175965,2.6350153903553775,2.497151307973913
"Kluzik-Rostkowska, Joanna",KO,59,87735,1076.0,3.7966101694915255,2.5531429874052542,2.4245689655172415,2.7103016793738446
"Tracz, Małgorzata",KO,74,103502,1071.0,3.5405405405405403,2.5313520511680934,2.3860782203085753,2.700891922448809
"Kaleta, Piotr",PiS,182,262048,1166.5,3.6373626373626373,2.526254731957504,2.610288625588691,2.4470002002091076
"Brejza, Krzysztof",KO,261,354983,1031.0,3.4329501915708813,2.5240645326677615,2.4885176549507975,2.5626858828923087
"Tomczyk, Cezary",KO,129,216106,1199.0,4.217054263565892,2.5172831851036066,2.298677633448685,2.788373828675678
"Szumilas, Krystyna",KO,149,224289,968.0,3.778523489932886,2.5101543098413206,2.6097621704368357,2.416918429003021
"Truskolaski, Krzysztof",KO,239,301015,950.0,3.1589958158995817,2.508180655449064,2.4129990594492914,2.6081035069799117
"Grabarczyk, Cezary",KO,259,320493,909.0,3.0965250965250966,2.502394748091222,2.7326440177252587,2.3024954387273904
"Miszalski, Aleksander",KO,89,128375,1235.0,3.561797752808989,2.469328140214216,2.490934354559935,2.4509450555787833
"Frysztak, Konrad",KO,80,114204,1106.5,3.525,2.4692655248502677,2.7544571266861615,2.2222585336361704
"Radziszewska, Elżbieta",KO,120,172059,1180.0,3.533333333333333,2.464270976816092,2.6844964060363536,2.27415477247623
"Pępek, Małgorzata",KO,762,758426,928.0,2.442257217847769,2.453766089242721,2.5561276495648313,2.349554037081976
"Gawkowski, Krzysztof",Lewica,194,259778,961.0,3.268041237113402,2.440545388755014,2.658801046902912,2.252139173594027
"Gądek, Lidia",KO,170,214005,1110.5,3.041176470588235,2.4158314058082757,2.4540333525442004,2.377216307891794
"Kucharska-Dziedzic, Anita",Lewica,59,96074,1042.0,3.9322033898305087,2.414805254283157,2.428792227864871,2.39974056858718
"Szramka, Paweł",Kukiz15,138,144122,718.0,2.4927536231884058,2.3868666823940825,2.2310693101052745,2.555218709398008
"Krutul, Paweł",Lewica,114,110996,758.5,2.3157894736842106,2.3784640887959925,2.4482824065287527,2.315370630809865
"Łącki, Artur",KO,169,248960,1186.0,3.502958579881657,2.377892030848329,2.373083814453514,2.3827855898204806
"Winnicki, Robert",Konfederacja,453,810425,1147.0,4.196467991169978,2.345682820742203,2.3345999433444367,2.3570022921535516
"Budka, Borys",KO,297,608218,1079.0,4.794612794612795,2.341265796145461,2.225855563232117,2.4692985042016224
"Ajchler, Zbigniew",KO,201,260743,1056.0,3.0248756218905473,2.3317979773186623,2.4935286993279346,2.1798000238066897
"Wilczyński, Ryszard",KO,366,462121,1046.0,2.9371584699453552,2.3262305759746904,2.243172234120063,2.406049495875344
"Kierwiński, Marcin",KO,98,187909,1235.0,4.438775510204081,2.314950321698269,2.1547601067311084,2.494525588640314
"Apel, Piotr",Kukiz15,85,105205,1024.0,2.8588235294117648,2.3097761513236064,2.1297192642788,2.5679583574320417
"Nowicka, Wanda",Lewica,140,193664,1108.0,3.142857142857143,2.2719762062128224,2.307779483428289,2.236001697704993
"Lenartowicz, Gabriela",KO,286,438401,1005.0,3.4685314685314683,2.2627685612030994,2.182949074489399,2.3542194856935894
"Sibińska, Krystyna",KO,98,164135,1174.0,3.7857142857142856,2.2603344807627868,2.442705136075302,2.0944114122150728
"Furgo, Grzegorz",KO,225,330434,1031.0,3.2977777777777777,2.2455316341538705,2.1759882366194514,2.3180343069077423
"Skowrońska, Krystyna",KO,691,1006702,1028.0,3.267727930535456,2.242967630937457,2.1800791430139594,2.3104484988262426
"Zielińska, Urszula",KO,86,139426,1097.5,3.604651162790698,2.223401661096209,2.520745263817129,1.972047223251628
"Gapińska, Elżbieta",KO,105,166771,1106.0,3.5238095238095237,2.218611149420463,2.0599311210531397,2.41966179109347
"Niemczyk, Małgorzata",KO,85,124512,1170.0,3.2470588235294118,2.216653816499614,2.2577795229213704,2.176999526739233
"Dziambor, Artur",Konfederacja,154,268307,1285.5,3.8506493506493507,2.2101547853764534,2.054004960352115,2.3887131307321123
"Rusiecki, Grzegorz",KO,118,132749,1015.0,2.4745762711864407,2.1996399219579805,2.2619908597104037,2.13984238953986
"Gramatyka, Michał",KO,193,284883,1127.0,3.233160621761658,2.190372889923232,2.0766495862773966,2.327127659574468
"Sośnierz, Dobromir",Konfederacja,231,469470,1477.0,4.45021645021645,2.189703282424862,2.221814014922893,2.159217366751374
"Meysztowicz, Jerzy",KO,688,923805,979.5,2.9375,2.1876911252915927,2.148760678100092,2.2290051809309612
"Gasiuk-Pihowicz, Kamila",KO,282,563108,1252.5,4.358156028368795,2.182529816660392,2.0339536402220046,2.359739571975951
"Hanajczyk, Agnieszka",KO,100,128401,1125.5,2.79,2.172880273518119,2.4793798244599086,1.8997967659273658
"Konwiński, Zbigniew",KO,68,129698,1160.0,4.117647058823529,2.1588613548397046,1.8152630279081254,2.7299971263188145
"Dunin, Artur",KO,163,191462,919.0,2.521472392638037,2.1466400643469723,2.403318554936131,1.9135322609579621
"Zgorzelski, Piotr",KP-PSL,108,185588,1025.5,3.685185185185185,2.144535207017695,2.2100870087652478,2.078394440294872
"Protas, Jacek",KO,112,160504,894.0,3.0714285714285716,2.1432487663858844,2.2788679348271064,2.0293045332599573
"Nykiel, Mirosława",KO,177,239602,1004.0,2.8983050847457625,2.141050575537767,2.104370102972735,2.177992226243131
"Bochenek, Mateusz",KO,71,86247,956.0,2.591549295774648,2.133407538812944,2.076037494495355,2.204356846473029
"Dyduch, Marek",Lewica,99,110806,905.0,2.3737373737373737,2.120823782105662,2.10104281115673,2.1382388378841615
"Borys, Piotr",KO,141,204122,1119.0,3.049645390070922,2.1065833178197355,2.1691973969631237,2.0485419479085047
"Lubnauer, Katarzyna",KO,314,547250,1159.5,3.6656050955414012,2.1032434901781634,2.027787657996927,2.178196904629215
"Król, Wojciech",KO,102,127737,942.0,2.627450980392157,2.0980608594220937,1.7841474115238374,2.4596930437859057
"Grupiński, Rafał",KO,94,180979,1187.0,4.0,2.07758911254897,2.099715038673323,2.054020745609531
"Szopiński, Jan",Lewica,635,771876,943.0,2.5181102362204726,2.0715762635449217,2.023094876524965,2.12172647914646
"Sowa, Marek",KO,472,809632,1112.0,3.5508474576271185,2.0700762815698988,1.9924373591583868,2.152770161177188
"Sanocki, Janusz",PrzywrócićPrawo,87,169938,1635.0,4.0344827586206895,2.065459167461074,1.9956760352569431,2.144388849177984
"Gosek-Popiołek, Daria",Lewica,87,134242,1085.0,3.160919540229885,2.0485392053157727,2.047603142562554,2.049525091387406
"Zembaczyński, Witold",KO,147,265557,1143.0,3.673469387755102,2.0334617426767134,1.9413024635199898,2.1355986027310254
"Skutecki, Paweł",Konfederacja,112,152115,932.5,2.7142857142857144,1.9984879860631757,2.4049134231167675,1.7744419176210242
"Gadowski, Krzysztof",KO,339,482473,1107.0,2.84070796460177,1.9959666136757912,2.0960123036361638,1.9066450109455548
"Leszczyna, Izabela",KO,299,655646,1192.0,4.354515050167224,1.985827718006363,1.9530158506060527,2.021168412749201
"Kobyliński, Paweł",KO,128,160415,934.5,2.484375,1.9823582582676182,1.9868036988888618,1.9777628459500236
"Maciejewska, Beata",Lewica,70,121641,1017.5,3.442857142857143,1.9812398780016607,2.1488571986716156,1.8367721790240619
"Rosa, Monika",KO,301,455369,1089.0,2.9767441860465116,1.967635038836636,1.8901870678256347,2.047137567644546
"Dziemianowicz-Bąk, Agnieszka",Lewica,67,133213,1238.0,3.8358208955223883,1.9292411401289664,1.8296600463700103,2.044956585247099
"Romecki, Stefan",Kukiz15,314,342032,805.0,2.0987261146496814,1.9267203068718717,2.070801069702148,1.803851466644999
"Parda, Błażej",Kukiz15,122,229783,1110.5,3.5901639344262297,1.9061462336204158,1.871578391926654,1.9447900824922806
"Kulesza, Jakub",Konfederacja,216,420978,1216.5,3.699074074074074,1.8979614136605714,1.8586524094975787,1.94190387072756
"Hennig-Kloska, Paulina",KO,723,1375338,1106.0,3.6099585062240664,1.8977153252509564,1.908951681829817,1.8863537659078846
"Kamińska, Bożena",KO,145,204231,1115.0,2.668965517241379,1.8949131130925276,2.062323413557714,1.7435409732128706
"Niedziela, Dorota",KO,191,329785,1100.0,3.2670157068062826,1.8921418499931775,2.159071401217531,1.6654423515821704
"Koperski, Przemysław",Lewica,97,147031,1115.0,2.865979381443299,1.8907577313627737,1.7804737288031534,2.0276863032077084
"Krząkała, Marek",KO,70,123230,1310.5,3.2857142857142856,1.8664286293921935,2.0041325523948608,1.715848665545419
"Olichwer, Tomasz",KO,72,88438,963.5,2.2916666666666665,1.8657138334200232,2.016396487225067,1.7537982540839852
"Szymański, Tomasz",KO,101,200598,1302.0,3.6930693069306932,1.85944027358199,1.6607809320448594,2.098647416246388
"Kidawa-Błońska, Małgorzata",KO,56,99538,1318.5,3.3035714285714284,1.858586670417328,1.9047241126168133,1.811262388831227
"Okła-Drewnowicz, Marzena",KO,116,246514,1152.5,3.913793103448276,1.8416803913773658,1.7926364012441205,1.8968787722021037
"Nemś, Anna",KO,78,107266,1069.0,2.5256410256410255,1.8365558518076557,1.941675068145327,1.7317145836436765
"Falej, Monika",Lewica,136,208721,1149.5,2.8161764705882355,1.8349854590577852,1.7868020304568528,1.87804501864436
"Urbaniak, Michał",Konfederacja,152,287040,2012.5,3.4539473684210527,1.8290133779264215,1.642500016425,2.0395600483561145
"Żmijan, Stanisław",KO,72,116654,1249.0,2.9444444444444446,1.8173401683611363,1.6255923443802047,2.0603728108538886
"Martynowski, Marek",PiS,67,44127,445.0,1.1940298507462686,1.812948988147846,1.6289592760180995,1.9236353077816493
"Ajchler, Romuald",Lewica,61,82571,1060.0,2.442622950819672,1.8045076358527814,1.6463540118446023,1.982594366342242
"Czernow, Zofia",KO,584,693823,868.5,2.1267123287671232,1.7900819084982769,1.7226622764218777,1.8657344111772785
"Suski, Marek",PiS,133,263264,1144.0,3.5413533834586466,1.7890786434909445,1.7135895685235016,1.888118029331694
"Hibner, Jolanta",KO,85,121273,1109.0,2.541176470588235,1.781105439792864,1.9397455613029497,1.6393698574528877
"Święcicki, Marcin",KO,240,373482,1165.5,2.75,1.7671534371134352,1.784121320249777,1.751663311872897
"Śmiszek, Krzysztof",Lewica,76,178232,1312.0,4.131578947368421,1.7617487319897662,1.7246175243393602,1.7995178650248425
"Niesiołowski, Stefan",KP-PSL,79,223988,2464.0,4.987341772151899,1.759022804793114,1.871467249323137,1.6593246464459286
"Czerwiński, Andrzej",KO,60,104738,946.0,3.066666666666667,1.7567644980809258,1.713780600003608,1.805090761586046
"Augustyn, Urszula",KO,104,231016,1388.0,3.894230769230769,1.753125324652838,2.2024280956049083,1.4548597356764736
"Kopiec, Maciej",Lewica,62,162915,2532.0,4.596774193548387,1.7493785102660895,1.5135038173929618,2.0347811931956916
"Rutka, Marek",Lewica,139,213912,961.0,2.683453237410072,1.7437076928830546,1.69292051421329,1.797935274330124
"Rosati, Dariusz",KO,69,152997,1253.0,3.8550724637681157,1.7385961816244764,1.484230055658627,2.091723642721114
"Myrcha, Arkadiusz",KO,201,392682,1103.0,3.3781094527363185,1.729134515969665,1.705391204913104,1.7545153744019895
"Drozd, Ewa",KO,66,113432,1101.5,2.9545454545454546,1.7190916143592636,1.7943949626439595,1.6305390370228277
"Szejna, Andrzej",Lewica,54,109542,1267.5,3.4814814814814814,1.7162366946011576,1.564471360080747,1.8963211369942312
"Konieczny, Maciej",Lewica,76,187909,1311.0,4.2368421052631575,1.7135954105444657,1.7512952287629393,1.6742770167427703
"Neumann, Sławomir",KO,88,223487,1155.0,4.340909090909091,1.7092716802319599,1.5834417236894192,1.865484524502036
"Rzepa, Jarosław",KP-PSL,185,315729,1341.0,2.9135135135135135,1.7071602545220743,1.7163080585048074,1.6978037467004945
"Biejat, Magdalena",Lewica,80,170995,1262.0,3.625,1.6959560221059096,1.4922032380810266,1.943659781791795
"Śledzińska-Katarasińska, Iwona",KO,148,309254,1398.5,3.5405405405405403,1.6944000724323696,1.8946364070060655,1.5136226034308777
"Lisiecki, Paweł",PiS,74,117629,1089.5,2.675675675675676,1.6832583801613548,1.7088651740252494,1.6588974967236776
"Obaz, Robert",Lewica,106,170613,1029.5,2.707547169811321,1.6821695884838788,1.419069830575402,1.9202000580525598
"Protasiewicz, Jacek",KP-PSL,324,681270,1339.0,3.5339506172839505,1.680684603754752,1.6752493703067948,1.6860696168501765
"Kamiński, Krystian",Konfederacja,97,193256,2169.0,3.3402061855670104,1.6765326820383326,1.731953049227054,1.6158067104778016
"Klimczak, Dariusz",KP-PSL,207,369084,1153.0,2.927536231884058,1.6419026563058816,1.610703662740129,1.6736859377563855
"Jaskóła, Tomasz",UPR,135,297904,1277.0,3.6,1.6313980342660723,1.5484376580038426,1.7253722794959907
"Cichoń, Janusz",KO,209,429944,1254.0,3.3301435406698565,1.618815473643079,1.7144198029853892,1.528533376747299
"Matusiak, Grzegorz",PiS,77,67348,645.0,1.4155844155844155,1.6184593454891014,1.5211089745429498,1.7228118750961392
"Bąk, Dariusz",PiS,59,131042,1941.0,3.593220338983051,1.617801926100029,1.5683065698407828,1.657916551533573
"Wasilewska, Anna",KO,87,118444,1024.0,2.1954022988505746,1.612576407416163,1.6552294906720921,1.5716507295768123
"Suchoń, Mirosław",KO,1430,2337442,1133.5,2.6321678321678323,1.6103073359681226,1.6394264774293514,1.5817907768387895
"Mosiński, Jan",PiS,131,277343,1435.0,3.404580152671756,1.6081170247671657,1.669399091188118,1.5511748584465992
"Hok, Marek",KO,88,146439,1247.5,2.647727272727273,1.591106194388107,1.5905210780522683,1.5916208861734353
"Dolniak, Barbara",KO,220,368802,1040.0,2.6636363636363636,1.5889284765267,1.529002768299749,1.6501650165016502
"Wolski, Zdzisław",Lewica,101,141748,931.0,2.227722772277228,1.5873239834071733,1.6397160151412076,1.5517466033332938
"Fedorowicz, Jerzy",KO,342,496673,1002.0,2.2982456140350878,1.5825301556557332,1.4861037627213596,1.6859676577986438
"Krajewski, Stefan",KP-PSL,131,280563,1214.0,3.381679389312977,1.57896800362129,1.6401177289986295,1.5234364373350744
"Fabisiak, Joanna",KO,227,297165,1101.0,2.0616740088105727,1.574882640957044,1.454880065656126,1.7164611558972178
"Grabowski, Paweł",Kukiz15,364,602462,1056.0,2.6016483516483517,1.5718833718973146,1.6147736619965212,1.5302819250161857
"Kasprzak, Mieczysław",KP-PSL,526,940036,1293.0,2.807984790874525,1.5712164214987512,1.609935602575897,1.5353268667852837
"Miller, Rajmund",KO,88,182651,1540.0,3.2386363636363638,1.5603528039813634,1.4489089423937143,1.7039403620873268
"Pawliczak, Karolina",Lewica,76,115484,946.0,2.3684210526315788,1.5586574763603618,1.859071547180709,1.281624500665779
"Petru, Ryszard",Teraz,121,345850,1942.0,4.446280991735537,1.5555876825213242,1.459285389042193,1.662906785515593
"Pudłowski, Paweł",KO,130,237483,1231.0,2.830769230769231,1.5495846018451847,1.5509564231275952,1.5481851357213947
"Zandberg, Adrian",Lewica,72,198675,1429.0,4.263888888888889,1.5452371964263243,1.2875749021938294,1.9479598023659326
"Wróblewska, Krystyna",PiS,85,123056,912.0,2.235294117647059,1.5440124821219607,1.6220874237534426,1.4716703458425313
"Jachnik, Jerzy",PrzywrócićPrawo,171,361326,1172.0,3.257309941520468,1.5415442010815716,1.4162992872151952,1.6870266454492158
"Kretkowska, Katarzyna",Lewica,146,249245,1187.0,2.6301369863013697,1.540652771369536,1.425329458135924,1.6577713084263301
"Kamiński, Michał",KP-PSL,189,486306,1753.0,3.941798941798942,1.5319572450267938,1.4745181132493161,1.5942265001585656
"Sawicki, Marek",KP-PSL,129,244911,1313.0,2.9069767441860463,1.531168465279224,1.6231357936348643,1.4502985005908624
"Kotula, Katarzyna",Lewica,52,122835,1503.5,3.6153846153846154,1.5305084055847276,1.4611514475943723,1.6120746160250847
"Siarkowska, Anna Maria",PiS,98,186903,1034.5,2.9081632653061225,1.5248551387618177,1.3799686653731622,1.6791127214882242
"Duda, Antoni",PiS,131,173638,1109.0,2.015267175572519,1.5204045197479814,1.4431501907019895,1.598535833844942
"Brynkus, Józef",Kukiz15,236,515342,1510.5,3.305084745762712,1.5135579867350224,1.5983084568831318,1.4395393474088292
"Bosak, Krzysztof",Konfederacja,115,311858,2641.0,4.060869565217391,1.497476415548102,1.5281347284403553,1.465845793022574
"Długi, Grzegorz",Kukiz15,175,350024,1026.0,2.9828571428571427,1.4913263090530935,1.5410758232743467,1.4439909903882608
"Gryglas, Zbigniew",PiS,229,314622,998.0,2.0480349344978164,1.4906777021314466,1.4593685921711341,1.5240798039718044
"Frydrych, Joanna",KO,115,211767,1298.0,2.7217391304347824,1.4780395434605014,1.5180639755532555,1.4412356556262576
"Golbik, Marta",KO,156,286577,1139.5,2.7051282051282053,1.4725536243313315,1.712620697137366,1.2759069413146285
"Matysiak, Paulina",Lewica,138,238697,1037.5,2.5434782608695654,1.4704835000020946,1.3676019806649375,1.5879139117406944
"Masłowski, Maciej",Kukiz15,198,271323,983.0,2.01010101010101,1.4668863310519198,1.6607391856111051,1.2946425464087592
"Obrycki, Norbert",KO,74,109173,1125.5,2.1621621621621623,1.4655638298846783,1.520726945028537,1.413010427659232
"Papke, Paweł",KO,54,53266,887.5,1.4444444444444444,1.4643487402846094,1.5508826346759113,1.4038222250582266
"Adamczyk, Rafał",Lewica,250,195587,592.5,1.144,1.4622648744548463,1.5261551415640457,1.4019109736818558
"Marchewka, Arkadiusz",KO,207,339284,1146.0,2.391304347826087,1.458954739981844,1.4545113311124667,1.4634435359639768
"Mucha, Joanna",KO,93,221205,2519.0,3.4408602150537635,1.4466219118012702,1.4080657318214571,1.4929532606099212
"Bejda, Paweł",KP-PSL,105,200525,1196.0,2.761904761904762,1.4462037152474754,1.3616881277245187,1.5477157471844745
"Lichocka, Joanna",PiS,66,134341,1524.0,2.9393939393939394,1.4440863176543273,1.300759170352151,1.687594173782019
"Wilk, Jacek",Konfederacja,61,188194,3195.0,4.442622950819672,1.4400034007460385,1.3351004736195842,1.5657863986912832
"Kołacz-Leszczyńska, Agnieszka",KO,224,320877,972.5,2.0580357142857144,1.4366875781062527,1.5575572540127773,1.3369136069360215
"Kaczmarczyk, Norbert",PiS,224,378248,1081.5,2.4151785714285716,1.4302785474080497,1.45463957551443,1.4048510587714036
"Wróblewska, Kornelia",KO,112,234428,1277.0,2.9732142857142856,1.420478782398007,1.4741497314941558,1.369703811927215
"Bańkowski, Paweł",KO,164,208409,1107.0,1.8048780487804879,1.4202841527957046,1.629365188338139,1.189947964987294
"Ueberhan, Katarzyna",Lewica,90,180534,1294.0,2.811111111111111,1.4013980746009063,1.421745717282368,1.3829652464000675
"Sowińska, Anita",Lewica,70,140663,1100.5,2.8,1.3934012497956108,1.3086934637233048,1.4762118996738274
"Tomaszewska, Ewa",PiS,213,173881,635.0,1.1314553990610328,1.386005371489697,1.398864451210194,1.3736882403278836
"Sachajko, Jarosław",Kukiz15,333,628890,917.0,2.6156156156156154,1.3849798851945492,1.3114318176324125,1.4666693516448848
"Raś, Ireneusz",KO,66,120964,1238.0,2.515151515151515,1.3723091167620118,1.2517265193370166,1.535172949863972
"Tuduj, Krzysztof",Konfederacja,72,171263,2316.5,3.263888888888889,1.372158609857354,1.3062161238341716,1.4326166519301151
"Stępień, Elżbieta",KO,229,363937,845.0,2.1790393013100435,1.3711164294919176,1.3282258621514071,1.4170593457624803
"Jach, Michał",PiS,63,121875,1122.0,2.634920634920635,1.362051282051282,1.4621262145080651,1.2528102421527743
"Kosiniak-Kamysz, Władysław",KP-PSL,289,924790,1922.0,4.352941176470588,1.3603088268688026,1.3809114878889748,1.3396108625533243
"Dziuk, Barbara",PiS,225,379313,1272.0,2.2844444444444445,1.3550814235209443,1.287007354327739,1.4414479075080895
"Augustynowska, Joanna",KO,129,275689,1208.0,2.883720930232558,1.3493465462894785,1.4251159351071534,1.2819194515852614
"Pamuła, Teresa",PiS,56,87316,1045.0,2.0714285714285716,1.3285079481423794,1.7440768467090613,1.0190421004255998
"Orzechowska, Bogusława",PiS,125,159960,965.0,1.696,1.3253313328332084,1.2104637869583734,1.4702140292346406
"Krynicka, Bernadeta",PiS,136,238470,1110.5,2.3088235294117645,1.316727470960708,1.4738603731243938,1.1927624077297005
"Kilian, Jan",PiS,95,172992,1333.0,2.389473684210526,1.3121994080651127,1.2844036697247705,1.3404513241327862
"Lasek, Maciej",KO,50,95856,1173.5,2.5,1.3040393924219664,1.1245968426413173,1.4775898867181088
"Kwiatkowski, Robert",Lewica,55,119524,2209.0,2.8,1.288444161841973,1.2335860020451557,1.3468013468013469
"Kochan, Magdalena",KO,314,620536,1361.5,2.5445859872611467,1.2875965294519578,1.3116248951030467,1.2647156906543173
"Telus, Robert",PiS,197,526642,1633.0,3.416243654822335,1.277907952650947,1.2801480653183983,1.2757344826167147
"Tomczak, Jacek",KP-PSL,62,103858,958.5,2.129032258064516,1.2709661268270138,0.9493161705551086,1.7502637383715356
"Szymańska, Ewa",PiS,146,181370,859.5,1.5753424657534247,1.2681259304184815,1.0815728292732234,1.4919941775836973
"Latos, Tomasz",PiS,179,302422,1037.0,2.11731843575419,1.2532157052066317,1.5383883399679634,1.0492524785045032
"Mamątow, Robert",PiS,187,228073,762.0,1.518716577540107,1.2452153477176167,1.0932799195601344,1.430489869796228
"Kwiecień, Anna",PiS,282,361266,977.0,1.5921985815602837,1.242851527683203,1.4292407232788324,1.0797061953333853
"Komarnicki, Władysław",KO,347,616318,1122.0,2.201729106628242,1.2396198066582511,1.3388386189932355,1.1545081584238401
"Macierewicz, Antoni",PiS,61,214040,1386.0,4.295081967213115,1.2240702672397683,1.1916725212766903,1.2599293258393787
"Lubczyk, Radosław",KP-PSL,85,193240,1352.0,2.776470588235294,1.2212792382529498,1.3067400275103163,1.1261753772140828
"Burzyńska, Lidia",PiS,161,239540,1157.0,1.813664596273292,1.2190030892544041,1.4071995848761223,1.0489593846104943
"Kownacki, Bartosz",PiS,71,188758,1688.0,3.23943661971831,1.218491401688935,1.1438150175023418,1.3051990428540352
"Hreniak, Paweł",PiS,50,66801,948.5,1.62,1.21255669825302,1.0125727786684666,1.4400921658986177
"Giżyński, Szymon",PiS,132,290652,1458.5,2.659090909090909,1.2076297427851865,1.3058929310517076,1.1161455772731501
"Kryj, Andrzej",PiS,137,232864,1190.0,2.051094890510949,1.2067129311529476,1.1419959292117898,1.2867046916709877
"Osos, Katarzyna",KO,89,142321,1195.0,1.9101123595505618,1.1944828943023167,1.3463983843219387,1.0599395834437435
"Kozłowski, Jerzy",UPR,125,270363,1247.0,2.56,1.1835939089298462,1.2111512425114086,1.1545589888493908
"Milczanowska, Anna",PiS,126,226487,1103.0,2.126984126984127,1.1832908732068508,1.1350187229584214,1.2236133057817755
"Chrobak, Barbara",Kukiz15,100,235324,2207.5,2.78,1.1813499685539937,1.1569776979597475,1.2049705033262206
"Bosacki, Marcin",KO,164,408751,1546.0,2.9390243902439024,1.1792020080684817,1.2491077801570307,1.1181632793346012
"Wójcik, Marek",KO,177,328514,1204.0,2.1807909604519775,1.1749879761593114,1.1066186925825638,1.241304869273207
"Hrynkiewicz, Józefa",PiS,83,134527,956.0,1.9036144578313252,1.1744854192838612,0.9687222155871386,1.4365387865472368
"Mrówczyński, Aleksander",PiS,134,214186,1230.5,1.873134328358209,1.1718786475306509,1.2031644289227952,1.1474469305794606
"Jarubas, Krystian",KP-PSL,288,611639,2234.0,2.4756944444444446,1.165720302335201,1.1188746563338539,1.2117049401275206
"Dowhan, Robert",KO,323,593287,897.0,2.1393188854489162,1.1646976926849906,1.144885225256168,1.1898567580803134
"Cymański, Tadeusz",PiS,107,351373,1660.0,3.8130841121495327,1.1611592239585853,1.1881116824981548,1.1368434728944035
"Lieder, Ewa",KO,222,502231,1368.5,2.626126126126126,1.160820419289132,1.1370648204563008,1.1858515640973215
"Zdrojewska, Barbara",KO,605,1217783,1101.0,2.330578512396694,1.157841750131181,1.1163838494248124,1.198126389381362
"Schreiber, Łukasz",PiS,229,549155,1429.0,2.7729257641921397,1.156321985596052,1.1260018104342835,1.1860258041723595
"Andzel, Waldemar",PiS,297,518540,1261.0,2.016835016835017,1.1551664288193775,1.1092384274683493,1.1996507345962568
"Pyzik, Piotr",PiS,315,284936,652.0,1.0317460317460319,1.140607013504787,1.068595618757963,1.2162648434688736
"Klich, Bogdan",KO,514,1164118,1322.0,2.5719844357976656,1.1356237082495073,1.1112833580962567,1.1593082793932954
"Pampuch, Mirosław",KO,290,542636,1313.5,2.1206896551724137,1.1333564304616723,1.122509206385991,1.1445984335888977
"Paszyk, Krzysztof",KP-PSL,702,1555928,1539.0,2.505698005698006,1.1305150366855021,1.1510482586737096,1.107628913055887
"Tomaszewski, Tadeusz",Lewica,352,414918,927.5,1.3295454545454546,1.127933712203375,1.072154173968277,1.192111332832301
"Gelert, Elżbieta",KO,65,90219,1175.0,1.5538461538461539,1.1194981101541803,1.1160714285714286,1.123622951220108
"Misiło, Piotr",KO,99,220854,1118.0,2.494949494949495,1.1183859019986053,1.1321292945140757,1.1041996392947846
"Mężydło, Antoni",KO,103,197007,1489.0,2.1067961165048543,1.1014837036247442,1.1565150346954511,1.051890024415429
"Skurkiewicz, Wojciech",PiS,241,501128,1513.0,2.2863070539419086,1.0995194840439968,1.1717269187028294,1.0372055674518201
"Bartuś, Barbara",PiS,292,583752,1570.0,2.191780821917808,1.0963559867889103,1.1645045120204676,1.0301409097664114
"Krajewski, Jarosław",PiS,64,183110,1787.5,3.125,1.0922396373764403,1.1798333637414098,1.0208632737003815
"Jaros, Michał",KO,124,239055,1741.0,2.1048387096774195,1.0917989583986947,1.1578197363733522,1.0212294564116766
"Borusewicz, Bogdan",KO,971,1626148,699.0,1.8218331616889805,1.0878468626471882,1.0803218713136857,1.0958058221960152
"Małecki, Maciej",PiS,165,330337,1234.0,2.1454545454545455,1.071632908211917,1.0605552677292536,1.0825635103926097
"Szynkowski vel Sęk, Szymon",PiS,61,178631,1759.0,3.1311475409836067,1.069243300434975,1.043190116285016,1.100749499097138
"Dolata, Zbigniew",PiS,115,276225,1443.0,2.5652173913043477,1.067969952031858,0.9521982764526161,1.197724323784809
"Michałek, Iwona",PiS,200,231858,742.0,1.23,1.0609942292265093,1.0717069368667187,1.0508263698572557
"Gawlik, Zdzisław",KO,103,231114,1306.0,2.3689320388349513,1.0557560338188081,1.090048653391115,1.0230395265271612
"Miazga, Mieczysław",PiS,55,60841,885.0,1.1636363636363636,1.0519222235006,1.1891022278179975,0.930290250558174
"Wąsik, Maciej",PiS,270,602241,1340.0,2.3407407407407406,1.0494137728915833,1.0084850813241168,1.100093656622118
"Sługocki, Waldemar",KO,381,453197,897.0,1.2388451443569555,1.0414896832944613,1.0858451041958865,0.9992634739050097
"Łyczak, Józef",PiS,128,208391,937.0,1.6953125,1.0413117649034749,0.954662075196686,1.1529339423752636
"Piontkowski, Dariusz",PiS,217,438404,1205.0,2.1013824884792625,1.0401364951049716,0.9546560378694893,1.1321809405154977
"Chybicka, Alicja",KO,223,491930,1296.0,2.282511210762332,1.034700058951477,1.1596031769716453,0.9208639802305657
"Wieczorek, Dariusz",Lewica,178,363467,1060.0,2.1123595505617976,1.0344818099029622,0.9895111814763506,1.0877403846153848
"Pociej, Aleksander",KO,558,1221235,1413.0,2.261648745519713,1.0333801438707537,1.0630207779676677,1.003657116617741
"Sosnowski, Zbigniew",KP-PSL,176,372572,1623.0,2.1875,1.0333573108016705,0.9895873420783534,1.075110919980281
"Borys-Szopa, Bożena",PiS,94,165310,1225.0,1.8085106382978724,1.0283709394470995,1.203054089788334,0.8481138685054758
"Ścigaj, Agnieszka",Kukiz15,118,373908,2600.0,3.2288135593220337,1.0189672325812766,1.1036727777437139,0.9408401754178514
"Ujazdowski, Kazimierz Michał",KO,115,246392,1605.0,2.1652173913043478,1.01058475924543,1.094355721254614,0.9453978609471299
"Rzymkowski, Tomasz",PiS,113,264316,1722.0,2.3628318584070795,1.0101545120234872,1.0092581555211189,1.010969013799727
"Mrzygłocka, Izabela Katarzyna",KO,80,140063,1123.0,1.7625,1.0066898467118368,0.9518948225199001,1.0654670297146918
"Świat, Jacek",PiS,53,95516,1616.0,1.8113207547169812,1.0050672138699275,1.0241310887793638,0.9867001048368862
"Buż, Wiesław",Lewica,50,71295,980.5,1.42,0.9958622624307455,0.9030265955897346,1.0820754206568197
"Rybicki, Sławomir",KO,473,673593,797.0,1.4143763213530656,0.9931813424426917,0.9653381506153326,1.0240735579196587
"Wojciechowski, Grzegorz",PiS,94,72953,716.0,0.7659574468085106,0.9869367949227585,1.110435449329773,0.8539709649871904
"Polak, Piotr",PiS,130,181270,1094.5,1.3615384615384616,0.9764439785954653,1.0027627135986903,0.9456547761551353
"Tułajew, Sylwester",PiS,132,281830,1491.0,2.0757575757575757,0.9722172941134727,0.9576670690666793,0.9883716576939493
"Uściński, Piotr",PiS,146,286910,1250.0,1.8904109589041096,0.9619741382315012,0.8790641347980304,1.0705345428495536
"Masłowska, Gabriela",PiS,232,549947,1309.5,2.2801724137931036,0.9619108750479591,0.8750269302795778,1.0675067071647826
"Biernat, Zbigniew",PiS,62,75032,847.0,1.1612903225806452,0.9595905746881331,0.9272642975972946,0.9904861201616055
"Gosiewski, Jerzy",PiS,177,294450,1100.0,1.5932203389830508,0.9577177789098319,1.1734118675655156,0.7862929032494012
"Borys-Damięcka, Barbara",KO,127,205027,1036.0,1.5433070866141732,0.955971652514059,0.9209679128259045,1.0081379812947893
"Błaszczak, Mariusz",PiS,64,279576,2290.0,4.15625,0.9514407531404698,0.887974949759312,1.0246769956162316
"Augustyn, Mieczysław",KO,905,1767658,1059.0,1.8475138121546961,0.9458843283033256,0.93725899269323,0.9535392536766786
"Łopata, Jan",KP-PSL,158,398000,1948.5,2.3607594936708862,0.9371859296482412,0.8878441026468852,0.9861488634258911
"Ślusarz, Rafał",PiS,102,167997,1091.5,1.5392156862745099,0.9345404977469836,0.8739044531131264,0.9883087566401996
"Misiołek, Andrzej",PiS,95,105000,674.0,1.0315789473684212,0.9333333333333333,0.7660138296550868,1.0758756922642774
"Sitarski, Krzysztof",PiS,234,382962,1029.0,1.5256410256410255,0.9322073730552901,0.9542731098352706,0.9100751596554266
"Zientarski, Piotr",KO,354,841404,1250.0,2.211864406779661,0.9305874466962363,0.950920245398773,0.9129194765039849
"Żelazowska, Bożena",KP-PSL,92,195695,2260.5,1.9782608695652173,0.9300186514729554,1.004844407776438,0.8600832402400324
"Polak, Marek",PiS,187,192864,891.0,0.9572192513368984,0.9281151484984237,0.923888714270747,0.9331649084474184
"Wargocka, Teresa",PiS,147,363686,1471.0,2.292517006802721,0.926623515890081,0.9653787594607118,0.8881092045392248
"Plocke, Kazimierz",KO,107,220616,1394.0,1.897196261682243,0.9201508503463031,0.9025359297591603,0.9352802891785543
"Sekuła, Joanna",KO,94,143069,857.0,1.3936170212765957,0.9156421027616045,0.9429049917671729,0.8887407654279842
"Józwiak, Bartosz",UPR,146,424783,2285.0,2.636986301369863,0.9063451220976357,0.9823132714085763,0.8409692170226185
"Wcisła, Jerzy",KO,363,756495,1147.0,1.884297520661157,0.9041698887633097,0.954656556817153,0.8572172076149462
"Maliszewski, Mirosław",KP-PSL,208,632764,1437.5,2.75,0.9039705166539184,0.850674172827733,0.9785886324413511
"Chruszcz, Sylwester",PiS,280,469297,1347.5,1.5071428571428571,0.8992173399787342,0.8934554389099844,0.904889362475845
"Czabański, Krzysztof",PiS,96,166624,1531.0,1.5520833333333333,0.8942289226041867,0.8482027411430049,0.9578407125191211
"Pęk, Marek",PiS,337,644299,947.0,1.7002967359050445,0.8893386455667321,0.9005590092043756,0.8774092729991706
"Kotowski, Kazimierz",KP-PSL,230,409343,1565.5,1.5695652173913044,0.8819009974520146,0.8529268208508561,0.9103587200743782
"Termiński, Przemysław",KO,84,147430,1201.5,1.5476190476190477,0.8817744014108391,1.0540088682125464,0.7792039133352092
"Szulowski, Krzysztof",PiS,180,367643,1324.5,1.788888888888889,0.8758496693803499,0.8656412147660976,0.8874092290559822
"Czarnobaj, Leszek",KO,945,2215341,1104.0,2.038095238095238,0.8693921161572868,0.8856823657679727,0.8529028671705969
"Gawron, Andrzej",PiS,174,222530,1018.5,1.1091954022988506,0.8672987911742237,0.8739667164342158,0.8607990344852067
"Morawska-Stanecka, Gabriela",Lewica,150,444640,1750.0,2.566666666666667,0.8658690176322418,0.9154641162157605,0.8224551340180096
"Kostuś, Tomasz",KO,196,287762,1175.5,1.2704081632653061,0.8652984063218909,0.9617931169066504,0.7693373995009704
"Jazłowiecka, Danuta",KO,156,303276,939.5,1.6730769230769231,0.8606022237170102,0.8882428940568475,0.8415256693194231
"Buda, Waldemar",PiS,265,564580,1237.0,1.818867924528302,0.8537319777533742,0.811027355821901,0.9041905755520779
"Szejnfeld, Adam",KO,211,548735,1573.0,2.213270142180095,0.8510483202274323,0.8376418936483637,0.8647113152075123
"Ardanowski, Jan Krzysztof",PiS,135,461112,2062.0,2.859259259259259,0.8371068200350458,0.9625814773915508,0.7369742721891644
"Czerwiński, Jerzy",PiS,1568,2620242,945.0,1.3954081632653061,0.8350373744104552,0.8432505529480117,0.8270407682892383
"Piotrowicz, Stanisław",PiS,104,516697,2250.0,4.144230769230769,0.834144576028117,1.0262389546816733,0.7051752748727935
"Bubula, Barbara",PiS,66,218841,2482.5,2.727272727272727,0.822514976626866,0.7543398112264622,0.8866191438805546
"Hałas, Teresa",PiS,52,129058,2799.0,2.0384615384615383,0.8213361434393839,0.9386013069580463,0.7301180587125126
"Siekierski, Czesław",KP-PSL,110,212789,1365.0,1.5727272727272728,0.8130119508057277,0.882875788921102,0.7676084731569642
"Ozdoba, Jacek",PiS,51,142482,1709.0,2.2549019607843137,0.8071194957959602,0.7345501919532106,0.8815709024726642
"Matecka, Ewa",KO,155,260204,803.0,1.3548387096774193,0.8070590767244162,0.7644795023933421,0.8408400129572068
"Romańczuk, Tadeusz",PiS,64,68237,889.5,0.859375,0.8060143324003107,0.9502316189571207,0.6654900031827783
"Zając, Józef",PiS,151,259460,845.0,1.3841059602649006,0.8055191551684266,0.9669819613910475,0.6794597265689343
"Obremski, Jarosław",PiS,88,262509,1912.5,2.3863636363636362,0.7999725723689473,0.8189665978623301,0.784061156770228
"Paul, Jerzy",PiS,77,125602,1126.0,1.2987012987012987,0.796165666151813,0.9640522875816993,0.6366261917331759
"Kozanecka, Ewa",PiS,78,147217,1156.0,1.5,0.794745172092897,0.9121897354649767,0.7081317124985248
"Wawrzyk, Piotr",PiS,109,158136,857.0,1.1376146788990826,0.7841351747862599,0.673427349073047,0.8858793262462987
"Lamczyk, Stanisław",KO,123,180296,1003.0,1.146341463414634,0.7820472999955628,0.8898518203273107,0.7006958298866235
"Bierecki, Grzegorz",PiS,376,814928,1442.0,1.6914893617021276,0.7804370447450572,0.8445545961134703,0.724394383298915
"Czartoryski, Arkadiusz",PiS,128,357079,2211.5,2.171875,0.7785392028094623,0.7578318376604258,0.8004099941840713
"Woś, Michał",PiS,60,158992,1285.0,2.05,0.7736238301298178,0.9964389558626547,0.6341154090044389
"Horała, Marcin",PiS,99,444587,1874.0,3.4545454545454546,0.7692532620162084,0.8787392738225688,0.6883604505632039
"Czudowska, Dorota",PiS,128,309408,1401.0,1.859375,0.7692108801323818,0.7703942039165481,0.7676387582314206
"Dąbrowska-Banaszek, Anna",PiS,80,126484,1226.5,1.2,0.7589892792764301,0.8616306005989038,0.6285016520614853
"Adamczyk, Andrzej",PiS,89,381101,2589.0,3.247191011235955,0.7583291568376888,0.8657817678491665,0.66078633573953
"Peczkis, Grzegorz",PiS,249,483008,1086.0,1.465863453815261,0.7556810653239697,0.7983814630340309,0.7198299830135358
"Mularczyk, Arkadiusz",PiS,73,189687,1359.0,1.9589041095890412,0.7538734863222045,0.6640106241699867,0.8527981747903999
"Borowski, Marek",KO,177,525413,1608.0,2.2033898305084745,0.7422732212564211,0.8279912250002134,0.6732826997262212
"Gliński, Piotr",PiS,51,279853,3058.0,4.0588235294117645,0.7396740431583725,1.0350518924665006,0.5561606377308647
"Zdrojewski, Bogdan",KO,239,611447,1528.0,1.891213389121339,0.739230055916539,0.6947038660925529,0.7835941504696667
"Komorowski, Marek",PiS,106,213999,1050.5,1.490566037735849,0.7383212071084444,0.8879023307436182,0.5979127409769532
"Stanisławek, Andrzej",PiS,174,253696,849.5,1.0689655172413792,0.7331609485368314,0.7088166453775556,0.7610414429345758
"Gorgoń-Komor, Agnieszka",KO,108,230896,1333.0,1.5648148148148149,0.7319312590950038,0.6999956790390183,0.7640148982905166
"Sipiera, Zdzisław",PiS,99,250496,1553.0,1.8484848484848484,0.7305505876341339,0.652918077436084,0.7886380291028371
"Warchoł, Marcin",PiS,56,139390,2061.5,1.8035714285714286,0.7245856948131143,0.6959374650477835,0.763708568810142
"Zuba, Maria",PiS,106,258363,1326.0,1.7641509433962264,0.72378784887929,0.6277732597126511,0.8376697550450565
"Mróz, Krzysztof",PiS,336,1032284,2100.5,2.1845238095238093,0.7110446350035455,0.7596213876910409,0.6622375082779689
"Kowalczyk, Henryk",PiS,240,670857,1508.5,1.9833333333333334,0.7095401851661383,0.7146575650507807,0.7047419893364449
"Tokarska, Genowefa",KP-PSL,361,905839,2519.0,1.7700831024930748,0.7054233699366002,0.7690058412210155,0.6468552231968645
"Krupka, Anna",PiS,54,77991,983.5,1.0185185185185186,0.7052095754638356,0.6370779358674877,0.7688682755028647
"Duda, Jan",PiS,68,120604,1234.0,1.2205882352941178,0.6882027130111771,0.5876111972578144,0.7920591853587017
"Małecka-Libera, Beata",KO,226,581499,1414.5,1.752212389380531,0.6809985915710947,0.610785427089408,0.7704672473199864
"Zwiercan, Małgorzata",PiS,569,1298322,2288.0,1.5518453427065027,0.680108632527216,0.684053674279273,0.6761823971280689
"Gaweł, Robert",PiS,98,243532,1535.5,1.683673469387755,0.6775290310924232,0.7314049904917351,0.6159531875577456
"Soboń, Artur",PiS,168,463882,1958.5,1.869047619047619,0.6768962796573267,0.6521615848471674,0.6976430762888559
"Babalski, Zbigniew",PiS,101,310989,1390.0,2.0792079207920793,0.6752650415288001,0.6096383828325831,0.7884293611094076
"Probierz, Krystian",PiS,81,149994,863.0,1.2469135802469136,0.6733602677440431,0.4978282243711807,0.8758704860363271
"Rotnicka, Jadwiga",KO,222,260982,748.5,0.7882882882882883,0.6705443287276517,0.6369473925891912,0.7065566872811857
"Wójcik, Michał",PiS,218,817757,2611.5,2.4954128440366974,0.6652342933169634,0.6542339265054267,0.6777744921270866
"Ziobro, Zbigniew",PiS,127,821675,3144.0,4.299212598425197,0.6644963032829282,0.6746272684341902,0.6541557333307102
"Weber, Rafał",PiS,286,786064,1995.5,1.8181818181818181,0.6615237436137515,0.6410468396645188,0.6820084640304156
"Golińska, Małgorzata",PiS,149,333693,1542.0,1.476510067114094,0.659288627570851,0.6103373712478783,0.7113827424732613
"Żaryn, Jan",PiS,331,1120856,2297.0,2.202416918429003,0.6503957689480183,0.6564101168784129,0.6437578944800106
"Ambrozik, Rafał",PiS,314,362778,739.5,0.7484076433121019,0.6477790825242986,0.6744580055467426,0.6199138883253308
"Babinetz, Piotr",PiS,95,271850,2793.0,1.8526315789473684,0.6474158543314328,0.6647708387192082,0.6301982193236361
"Bernacki, Włodzimierz",PiS,108,226047,1241.5,1.3425925925925926,0.6414595194804621,0.7106182378669442,0.5866776602660663
"Kopiczko, Małgorzata",PiS,54,80268,940.5,0.9444444444444444,0.63537150545672,0.8093696438773567,0.4443282801881861
"Florek, Piotr",KO,821,1835267,1353.0,1.4068209500609012,0.6293362219230227,0.6118202324244554,0.6459153543307087
"Warzocha, Artur",PiS,68,190852,1843.5,1.7647058823529411,0.6287594575901746,0.5521581047433507,0.7062668001897433
"Paluch, Anna",PiS,300,896533,1595.5,1.8766666666666667,0.6279746534706475,0.6735932972853268,0.5852664041966409
"Szczurek-Żelazko, Józefa",PiS,267,689880,1650.0,1.6179775280898876,0.6261958601495913,0.7027321001912653,0.5571092099529491
"Małecki, Jerzy",PiS,72,94849,942.0,0.8194444444444444,0.6220413499351601,0.28801290297805343,1.02880658436214
"Wiatr, Kazimierz",PiS,252,615272,1499.5,1.5119047619047619,0.619238320612672,0.6891097686231915,0.5506696593898838
"Seweryński, Michał",PiS,218,328847,759.0,0.9311926605504587,0.6173083531247053,0.6400570805002938,0.5859417385831784
"Zubowski, Wojciech",PiS,108,222194,1208.0,1.2685185185185186,0.6165783054447915,0.8921234886723793,0.44524247467227235
"Szefernaker, Paweł",PiS,105,272828,1687.0,1.5904761904761904,0.6121072617180056,0.7022855493043471,0.5322274062554
"Poślednik, Marian",KO,83,82733,781.0,0.6024096385542169,0.6043537645195992,0.5941310188055383,0.6133436314486268
"Nykiel, Włodzimierz",KO,125,248189,1544.0,1.192,0.6003489276317645,0.6167297000698355,0.587254404408033
"Gembicka, Anna",PiS,59,108761,1662.0,1.1016949152542372,0.5976406984121146,0.5826065463790121,0.613979546806347
"Leśniak, Józef",PiS,51,77111,1044.0,0.9019607843137255,0.5965426463150523,0.5382855604898399,0.676402767102229
"Chróścikowski, Jerzy",PiS,259,601353,1486.0,1.3783783783783783,0.5936612937825204,0.595252515114915,0.5921895006402049
"Konieczny, Wojciech",Lewica,147,385943,1725.0,1.5578231292517006,0.5933518680219618,0.5794358739913031,0.6065844744703759
"Bogucki, Jacek",PiS,139,437219,2437.0,1.8633093525179856,0.5923804775181317,0.5515672996962137,0.6401127392359336
"Bobko, Aleksander",PiS,120,426409,2833.5,2.1,0.5909818976616348,0.6069239489180703,0.5769832146333514
"Bartosik, Ryszard",PiS,181,331892,1417.0,1.0662983425414365,0.5815144685620623,0.6491642010910952,0.5183882203557658
"Cichoń, Zbigniew",PiS,290,797467,1800.0,1.5931034482758621,0.5793343172820944,0.6117631906794039,0.5460788995113229
"Dziuba, Tadeusz",PiS,93,208326,924.0,1.2903225806451613,0.5760202759137121,0.5487417448062075,0.60314785738904
"Sasin, Jacek",PiS,73,398210,1729.0,3.1095890410958904,0.5700509781271189,0.6790389174179545,0.4929888413047486
"Jackowski, Jan Maria",PiS,1189,2304442,917.0,1.1000841042893188,0.5675994448981576,0.5778953677878435,0.5579291152321381
"Naimski, Piotr",PiS,64,113661,1205.0,0.984375,0.5542798321323936,0.47705785410703444,0.6743543057522423
"Kaleta, Sebastian",PiS,91,319648,1771.0,1.945054945054945,0.55373410751827,0.570121414745733,0.5406227298068963
"Majer, Ryszard",PiS,204,350687,1087.0,0.946078431372549,0.550348316304853,0.4805656944746387,0.6196949281665558
"Malik, Ewa",PiS,87,177007,1311.0,1.1149425287356323,0.5480009265170304,0.44780396933438416,0.719193279368334
"Gawęda, Adam",PiS,227,443149,1238.0,1.066079295154185,0.5460917208433281,0.5681792762201314,0.5236126541242464
"Tchórzewski, Krzysztof",PiS,156,427832,1750.5,1.4935897435897436,0.5446062940593505,0.4680826165818267,0.6417123643653412
"Kleina, Kazimierz",KO,543,1391689,1329.0,1.3756906077348066,0.5367578532272655,0.5318575782106929,0.5420695376386433
"Radziwiłł, Konstanty",PiS,216,937573,3158.5,2.2777777777777777,0.5247591387550623,0.5148676100879583,0.5344588656797133
"Puda, Grzegorz",PiS,62,175072,2341.5,1.467741935483871,0.5197861451288612,0.5084039167437746,0.534376018246986
"Kosztowniak, Andrzej",PiS,114,204347,890.0,0.9210526315789473,0.513831864426686,0.5505308690523004,0.4774571993724848
"Sellin, Jarosław",PiS,116,399912,2739.0,1.7413793103448276,0.5051111244473785,0.4926733880183864,0.5171725928078531
"Siarka, Edward",PiS,143,336815,1391.0,1.1888111888111887,0.5047281148404911,0.5134501618484205,0.4948139689789704
"Ziejewski, Zbigniew",KP-PSL,59,164070,2845.0,1.3898305084745763,0.4997866764186018,0.45484523890746176,0.5517023959646911
"Morawiecki, Mateusz",PiS,52,696156,10581.5,6.615384615384615,0.49414211757134896,0.4617724319093046,0.5291384907894029
"Frankiewicz, Zygmunt",KO,78,155353,1349.5,0.9743589743589743,0.4892084478574601,0.5974244368721511,0.3386438851689371
"Słoń, Krzysztof",PiS,215,346615,1171.0,0.786046511627907,0.4875726670801898,0.571175782146837,0.39872408293460926
"Hamerski, Jan",PiS,55,66133,772.0,0.5818181818181818,0.48387340661999306,0.31710797526557793,0.6358749060639343
"Bieda, Halina",KO,108,106130,627.0,0.4722222222222222,0.48054273061339864,0.5523283496809828,0.41025641025641024
"Zyska, Ireneusz",PiS,370,1383699,3634.5,1.781081081081081,0.4762596489554448,0.4557112569016636,0.4985352702407579
"Wróblewski, Bartłomiej",PiS,140,370162,1792.5,1.2285714285714286,0.464661418514056,0.41677830371230384,0.521895905489396
"Wojtyła, Andrzej",PiS,53,130757,1286.0,1.1320754716981132,0.4588664469206238,0.5381010241277556,0.39646191914911066
"Wach, Piotr",KO,203,453352,1116.0,1.019704433497537,0.4565988459298735,0.40184215279031965,0.5089014628760696
"Gonciarz, Jarosław",PiS,290,256600,676.0,0.4,0.4520654715510522,0.5106824088965449,0.39074025342296437
"Szymański, Antoni",PiS,234,490308,1067.5,0.9401709401709402,0.44869755337461353,0.42491620725654317,0.47857238177191425
"Polaczek, Jerzy",PiS,137,412700,1864.0,1.3503649635036497,0.4482675066634359,0.5010046186363281,0.4025601013184974
"Szwed, Aleksander",PiS,549,617403,623.0,0.4918032786885246,0.43731565930194705,0.41571974945956436,0.45627792801151035
"Arndt, Paweł",KO,100,183648,1087.0,0.8,0.4356159609688099,0.5238624700650018,0.34401633522727276
"Janczyk, Wiesław",PiS,178,633746,2160.0,1.5393258426966292,0.432349868874912,0.44418506630353727,0.42112899457757996
"Michałkiewicz, Krzysztof",PiS,115,437220,2744.0,1.6347826086956523,0.42998947898083345,0.4222612326232386,0.43718260101567674
"Materna, Jerzy",PiS,93,180880,1203.0,0.8172043010752689,0.42016806722689076,0.4220231138813141,0.418230320567889
"Szwed, Stanisław",PiS,386,1138591,2058.5,1.2253886010362693,0.4154257323305735,0.396783779059605,0.4342522652610544
"Borowiec, Agata",PiS,54,94290,1064.0,0.7222222222222222,0.41361756283805284,0.4966364169939952,0.3400544087053929
"Kraska, Waldemar",PiS,237,607592,1668.0,1.0337552742616034,0.4032311156170588,0.3604434428518545,0.4472062955966867
"Nowogórska, Urszula",KP-PSL,64,175532,2652.5,1.09375,0.3987876854362737,0.3892392041726443,0.4088164180673496
"Mikołajczyk, Łukasz",PiS,115,149548,750.0,0.5130434782608696,0.3945221601091288,0.32916884865714074,0.44732992395391297
"Kubów, Krzysztof",PiS,51,96931,1635.0,0.7450980392156863,0.39203144504853965,0.411635565312843,0.3759186512038795
"Murdzek, Wojciech",PiS,70,208623,2500.5,1.1285714285714286,0.3786734923762001,0.42762241934842277,0.33312667141680624
"Bielecki, Jerzy",PiS,50,77515,929.5,0.54,0.3483196800619235,0.30472011457476306,0.3803302161170522
"Matusiewicz, Andrzej",PiS,183,562699,2469.0,1.0601092896174864,0.3447669180147823,0.3203344966533475,0.3719930561296189
"Błaszczyk, Przemysław",PiS,63,71378,950.0,0.38095238095238093,0.33623805654403316,0.24887384584753988,0.4487610988236048
"Piecha, Wojciech",PiS,145,263562,716.0,0.6068965517241379,0.3338872826887032,0.3766933431889579,0.28486782133090244
"Włosowicz, Jacek",PiS,111,155189,1134.0,0.4594594594594595,0.32863153960654423,0.24032421921938324,0.45564528799924586
"Gogacz, Stanisław",PiS,193,387766,1181.0,0.6580310880829016,0.32751711083488494,0.3274627930896954,0.32760361299984625
"Grabowski, Arkadiusz",PiS,337,578223,986.0,0.5400593471810089,0.3147574551686806,0.3149689740842351,0.31445617948320176
"Grodzki, Tomasz",KO,1365,3061942,1130.0,0.6608058608058608,0.29458428670432035,0.2756038709980901,0.317004626842812
"Pęcherz, Janusz",KO,146,358435,814.0,0.6643835616438356,0.2706208936069301,0.34771410173857054,0.21168188643020652
"Czech, Anna",PiS,53,89348,1424.0,0.4339622641509434,0.2574204235125577,0.27310924369747897,0.2395324326913864
"Dobkowski, Wiesław",PiS,123,255476,1082.0,0.5203252032520326,0.2505127683226604,0.1988735800426385,0.3005363417791751
"Karczewski, Stanisław",PiS,1751,3173619,829.0,0.41119360365505425,0.22687033320634897,0.22600106883696372,0.2277034227712062
"Zagórski, Marek",PiS,74,261329,2663.0,0.7297297297297297,0.2066360794247864,0.1394528526311472,0.2653775533624053
"Kamiński, Andrzej",PiS,58,117636,818.5,0.3275862068965517,0.16151518242714816,0.15076783906610092,0.16852275759405677
