period,total_speeches,AGRESJA_WERBALNA,AGRESJA_WERBALNA_count,STRATEGIA_STRACHU,STRATEGIA_STRACHU_count,DEHUMANIZACJA_POGARDA,DEHUMANIZACJA_POGARDA_count,DUMA_I_SUKCES,DUMA_I_SUKCES_count,MESJANIZM_MORALNY,MESJANIZM_MORALNY_count,POLARYZACJA_MY_ONI,POLARYZACJA_MY_ONI_count,AD_HOMINEM,AD_HOMINEM_count,OBLEZIONA_TWIERDZA,OBLEZIONA_TWIERDZA_count,PRZYPISYWANIE_ZLYCH_INTENCJI,PRZYPISYWANIE_ZLYCH_INTENCJI_count,WHATABOUTISM,WHATABOUTISM_count,SOFIZMAT_ROZSZERZENIA,SOFIZMAT_ROZSZERZENIA_count,DOWOD_ANEGDOTYCZNY,DOWOD_ANEGDOTYCZNY_count,APEL_O_JEDNOSC,APEL_O_JEDNOSC_count
2015Q4,6679,0.08100014972301242,541,0.07800568947447223,521,0.028447372361131908,190,0.11873034885461896,793,0.03473573888306633,232,0.3240005988920497,2164,0.05779308279682587,386,0.10241054050007486,684,0.15780805509806858,1054,0.020512052702500373,137,0.024554574038029645,164,0.08758796226980087,585,0.023506512951040576,157
2016Q1,7830,0.06117496807151979,479,0.08212005108556833,643,0.024265644955300127,190,0.14661558109833972,1148,0.037547892720306515,294,0.3302681992337165,2586,0.051596424010217114,404,0.08684546615581099,680,0.16002554278416348,1253,0.02401021711366539,188,0.024521072796934867,192,0.09744572158365261,763,0.03295019157088123,258
2016Q2,9437,0.06527498145597117,616,0.07544770583871993,712,0.026597435625728517,251,0.13182155345978594,1244,0.03062413902723323,289,0.2969163929214793,2802,0.04768464554413479,450,0.07417611529087634,700,0.14305393663240437,1350,0.022676698103210765,214,0.02310056161915863,218,0.09420366641941295,889,0.03147186605912896,297
2016Q3,6922,0.0707887893672349,490,0.07324472695752672,507,0.03163825483964172,219,0.12958682461716267,897,0.044495810459404796,308,0.3100260040450737,2146,0.0430511412886449,298,0.0820572088991621,568,0.15400173360300493,1066,0.019503033805258595,135,0.02094770297601849,145,0.09202542617740538,637,0.034383126264085524,238
2016Q4,11439,0.08479762216977009,970,0.07832852522073608,896,0.03208322405804703,367,0.12719643325465513,1455,0.03627939505201504,415,0.32878748142320136,3761,0.05402570154733805,618,0.08838185156045109,1011,0.16872104204913016,1930,0.024477664131480024,280,0.025788967567095027,295,0.0968616137774281,1108,0.02823673398024303,323
2017Q1,5788,0.05131306150656531,297,0.07325501036627505,424,0.022460262612301312,130,0.1492743607463718,864,0.029889426399447132,173,0.2778161713890809,1608,0.03887353144436766,225,0.06824464409122322,395,0.1366620594333103,791,0.01796821008984105,104,0.0221147201105736,128,0.09433310297166551,546,0.03973738769868694,230
2017Q2,7181,0.07255256928004457,521,0.06600751984403286,474,0.029104581534605208,209,0.14538365130204706,1044,0.03342152903495335,240,0.2999582230887063,2154,0.04762567887480852,342,0.07561620944158196,543,0.1538782899317644,1105,0.024091352179362206,173,0.022420275727614538,161,0.10082161258877594,724,0.033839298147890266,243
2017Q3,7170,0.10794979079497909,774,0.099581589958159,714,0.042398884239888426,304,0.13082287308228732,938,0.04379358437935844,314,0.3716875871687587,2665,0.06778242677824267,486,0.11589958158995815,831,0.19874476987447698,1425,0.027754532775453276,199,0.025383542538354256,182,0.10641562064156207,763,0.02817294281729428,202
2017Q4,10433,0.10907696731524968,1138,0.09029042461420493,942,0.038148183648039874,398,0.13361449247579796,1394,0.03508099300297134,366,0.3585737563500431,3741,0.06258985910092975,653,0.09901274801111856,1033,0.18978242116361546,1980,0.02147033451547973,224,0.027221316974983225,284,0.11281510591392696,1177,0.029521709958784625,308
2018Q1,6352,0.07226070528967254,459,0.0670654911838791,426,0.0327455919395466,208,0.13602015113350127,864,0.04785894206549118,304,0.29675692695214106,1885,0.04360831234256927,277,0.07965994962216624,506,0.14515113350125944,922,0.020465994962216624,130,0.023772040302267,151,0.09902392947103275,629,0.03306045340050378,210
2018Q2,6397,0.0866030952008754,554,0.061278724402063466,392,0.03251524151946225,208,0.1266218539940597,810,0.03048303892449586,195,0.29701422541816475,1900,0.0459590433015476,294,0.08722838830701891,558,0.16554634985149289,1059,0.022041581991558545,141,0.0229795216507738,147,0.10192277630139128,652,0.027981866499921838,179
2018Q3,5392,0.09625370919881306,519,0.0869807121661721,469,0.03672106824925816,198,0.13427299703264095,724,0.034866468842729974,188,0.3293768545994065,1776,0.05415430267062315,292,0.09681008902077151,522,0.17600148367952523,949,0.019102373887240356,103,0.02410979228486647,130,0.1151706231454006,621,0.026335311572700297,142
2018Q4,7686,0.08704137392661983,669,0.07233931824095759,556,0.025631017434296122,197,0.14741087691907365,1133,0.027452511059068437,211,0.3183710642727036,2447,0.046187874056726516,355,0.07793390580275826,599,0.1731720010408535,1331,0.02459016393442623,189,0.02068696330991413,159,0.1234712464220661,949,0.037991152745251104,292
2019Q1,4365,0.06895761741122566,301,0.05933562428407789,259,0.022909507445589918,100,0.13356242840778923,583,0.031844215349369986,139,0.2833906071019473,1237,0.030927835051546393,135,0.07880870561282932,344,0.14891179839633448,650,0.015807560137457044,69,0.01672394043528064,73,0.09736540664375716,425,0.03757159221076747,164
2019Q2,5010,0.08902195608782436,446,0.0688622754491018,345,0.026746506986027943,134,0.14151696606786426,709,0.025748502994011976,129,0.31057884231536925,1556,0.045508982035928146,228,0.08682634730538923,435,0.1694610778443114,849,0.02475049900199601,124,0.02035928143712575,102,0.12015968063872255,602,0.03932135728542914,197
2019Q3,5516,0.07197244379985497,397,0.06399564902102974,353,0.01994198694706309,110,0.12255257432922408,676,0.02810007251631617,155,0.2692168237853517,1485,0.03934010152284264,217,0.07596084118926759,419,0.12962291515591007,715,0.019579405366207395,108,0.011965192168237854,66,0.09300217548948514,513,0.03535170413343002,195
2019Q4,3049,0.09216136438176452,281,0.08822564775336175,269,0.04394883568383076,134,0.13709412922269595,418,0.029517874713020663,90,0.29321088881600527,894,0.0344375204985241,105,0.0787143325680551,240,0.1653000983929157,504,0.019022630370613317,58,0.019350606756313546,59,0.12463102656608724,380,0.037717284355526404,115
2020Q1,5586,0.08306480486931615,464,0.09505907626208378,531,0.03168635875402793,177,0.14321518080916576,800,0.03329752953813104,186,0.3216970998925886,1797,0.04940923737916219,276,0.09094163981382027,508,0.17382742570712495,971,0.02506265664160401,140,0.021482277121374866,120,0.13498030791263874,754,0.03759398496240601,210
2020Q2,5443,0.09976116112437994,543,0.09774021679221018,532,0.03784677567517913,206,0.13007532610692632,708,0.03453977585890134,188,0.3391512033804887,1846,0.05254455263641374,286,0.10398677200073489,566,0.1929083226162043,1050,0.028660665074407496,156,0.027374609590299467,149,0.12731949292669484,693,0.027190887378284033,148
2020Q3,4802,0.08121615993336109,390,0.08350687213660975,401,0.040608079966680546,195,0.15014577259475217,721,0.04185755935027072,201,0.3163265306122449,1519,0.05102040816326531,245,0.08121615993336109,390,0.1709704289879217,821,0.020199916701374426,97,0.02394835485214494,115,0.1153685964181591,554,0.033527696793002916,161
2020Q4,6506,0.09698739624961573,631,0.1126652320934522,733,0.04150015370427298,270,0.13833384568090992,900,0.04226867506916692,275,0.31770673224715645,2067,0.04626498616661543,301,0.08607439286812173,560,0.18152474638794958,1181,0.021211189671072855,138,0.023977866584691053,156,0.13218567476175838,860,0.037042729787888105,241
2021Q1,4544,0.08296654929577464,377,0.08538732394366197,388,0.03147007042253521,143,0.13336267605633803,606,0.0332306338028169,151,0.29577464788732394,1344,0.04511443661971831,205,0.07878521126760564,358,0.1643926056338028,747,0.019806338028169015,90,0.02090669014084507,95,0.11751760563380281,534,0.03675176056338028,167
2021Q2,5665,0.06866725507502207,389,0.0912621359223301,517,0.028420123565754633,161,0.14827890556045895,840,0.03759929390997352,213,0.28631950573698145,1622,0.04095322153574581,232,0.08067078552515446,457,0.15692850838481906,889,0.017475728155339806,99,0.01588702559576346,90,0.10485436893203884,594,0.041306266548985,234
2021Q3,7170,0.08884239888423989,637,0.10404463040446305,746,0.03779637377963738,271,0.14351464435146444,1029,0.038493723849372385,276,0.3238493723849372,2322,0.04309623430962343,309,0.09260808926080892,664,0.18856345885634587,1352,0.02105997210599721,151,0.01701534170153417,122,0.12370990237099024,887,0.03737796373779637,268
2021Q4,8988,0.07231864708500223,650,0.10625278148642635,955,0.031263907432131734,281,0.15053404539385848,1353,0.0388295505117935,349,0.2986203827325323,2684,0.0397196261682243,357,0.07610146862483311,684,0.1573208722741433,1414,0.01858032932799288,167,0.016800178015131288,151,0.11515353805073432,1035,0.043391188251001335,390
2022Q1,7969,0.07604467310829464,606,0.11042790814405823,880,0.02861086711005145,228,0.14932864851298783,1190,0.036265528924582756,289,0.31045300539590914,2474,0.03802233655414732,303,0.07604467310829464,606,0.14832475843895093,1182,0.019826828962228635,158,0.021207177814029365,169,0.12749403940268542,1016,0.047057347220479356,375
2022Q2,8784,0.09141621129326047,803,0.10428051001821494,916,0.03813752276867031,335,0.1395719489981785,1226,0.03790983606557377,333,0.31500455373406194,2767,0.050546448087431695,444,0.0823087431693989,723,0.1647313296903461,1447,0.022654826958105646,199,0.02151639344262295,189,0.1130464480874317,993,0.034380692167577415,302
