period,party,total_speeches,AGRESJA_WERBALNA,AGRESJA_WERBALNA_count,STRATEGIA_STRACHU,STRATEGIA_STRACHU_count,DEHUMANIZACJA_POGARDA,DEHUMANIZACJA_POGARDA_count,DUMA_I_SUKCES,DUMA_I_SUKCES_count,MESJANIZM_MORALNY,MESJANIZM_MORALNY_count,POLARYZACJA_MY_ONI,POLARYZACJA_MY_ONI_count,AD_HOMINEM,AD_HOMINEM_count,OBLEZIONA_TWIERDZA,OBLEZIONA_TWIERDZA_count,PRZYPISYWANIE_ZLYCH_INTENCJI,PRZYPISYWANIE_ZLYCH_INTENCJI_count,WHATABOUTISM,WHATABOUTISM_count,SOFIZMAT_ROZSZERZENIA,SOFIZMAT_ROZSZERZENIA_count,DOWOD_ANEGDOTYCZNY,DOWOD_ANEGDOTYCZNY_count,APEL_O_JEDNOSC,APEL_O_JEDNOSC_count
2015Q4,KO,2647,0.10238005289006423,271,0.1258027956176804,333,0.03362296939931998,89,0.11938043067623726,316,0.03664525878352852,97,0.43218738194182094,1144,0.07517944843218738,199,0.14318095957687949,379,0.2353607857952399,623,0.01926709482432943,51,0.04533434076312807,120,0.10313562523611636,273,0.02040045334340763,54
2015Q4,KP-PSL,200,0.105,21,0.135,27,0.02,4,0.29,58,0.04,8,0.705,141,0.095,19,0.21,42,0.4,80,0.07,14,0.05,10,0.23,46,0.06,12
2015Q4,Kukiz15,453,0.039735099337748346,18,0.017660044150110375,8,0.02207505518763797,10,0.04856512141280353,22,0.02207505518763797,10,0.12582781456953643,57,0.019867549668874173,9,0.033112582781456956,15,0.05077262693156733,23,0.006622516556291391,3,0.002207505518763797,1,0.04415011037527594,20,0.011037527593818985,5
2015Q4,PiS,3251,0.06428791141187327,209,0.03783451245770532,123,0.02337742233159028,76,0.1131959397108582,368,0.03291294986158105,107,0.22731467240848968,739,0.04460166102737619,145,0.06797908335896648,221,0.08797293140572132,286,0.02060904337127038,67,0.008920332205475239,29,0.06521070439864657,212,0.024300215318363582,79
2016Q1,KO,3097,0.08685824991927672,269,0.11268969970939618,349,0.025185663545366485,78,0.1462705844365515,453,0.028091701646754924,87,0.42072973845657086,1303,0.06167258637391024,191,0.11785598966742009,365,0.22667097190829835,702,0.02292541168873103,71,0.038101388440426216,118,0.11850177591217308,367,0.03293509848240232,102
2016Q1,KP-PSL,262,0.08396946564885496,22,0.20229007633587787,53,0.03435114503816794,9,0.32061068702290074,84,0.04198473282442748,11,0.6412213740458015,168,0.08015267175572519,21,0.16030534351145037,42,0.33587786259541985,88,0.04198473282442748,11,0.026717557251908396,7,0.18702290076335878,49,0.09923664122137404,26
2016Q1,Kukiz15,640,0.0328125,21,0.034375,22,0.015625,10,0.071875,46,0.021875,14,0.1453125,93,0.009375,6,0.028125,18,0.0703125,45,0.00625,4,0.0109375,7,0.0640625,41,0.0109375,7
2016Q1,PiS,3671,0.03977117951511849,146,0.04848815036774721,178,0.020157995096703896,74,0.14165077635521656,520,0.043584854263143555,160,0.24325796785617,893,0.045491691637156086,167,0.05911195859438845,217,0.09534186870062654,350,0.02560610187959684,94,0.011441024244075185,42,0.07082538817760828,260,0.03268864069735767,120
2016Q2,KO,3758,0.08621607237892497,324,0.10484300159659393,394,0.029803086748270355,112,0.10989888238424694,413,0.02581160191591272,97,0.3571048430015966,1342,0.05109100585417775,192,0.0989888238424694,372,0.20675891431612559,777,0.020755721128259713,78,0.036455561468866415,137,0.10989888238424694,413,0.017828632251197445,67
2016Q2,KP-PSL,258,0.12403100775193798,32,0.1744186046511628,45,0.04263565891472868,11,0.22093023255813954,57,0.05813953488372093,15,0.6046511627906976,156,0.09302325581395349,24,0.18992248062015504,49,0.3372093023255814,87,0.07751937984496124,20,0.04263565891472868,11,0.2054263565891473,53,0.08139534883720931,21
2016Q2,Kukiz15,680,0.027941176470588237,19,0.041176470588235294,28,0.008823529411764706,6,0.0661764705882353,45,0.014705882352941176,10,0.14558823529411766,99,0.014705882352941176,10,0.022058823529411766,15,0.052941176470588235,36,0.008823529411764706,6,0.016176470588235296,11,0.060294117647058824,41,0.023529411764705882,16
2016Q2,PiS,4622,0.047165729121592385,218,0.04651665945478148,215,0.020986585893552574,97,0.15080051925573346,697,0.03158805711813068,146,0.23950670705322372,1107,0.04500216356555604,208,0.05235828645607962,242,0.08481176979662484,392,0.021852012115967115,101,0.010168758113370835,47,0.0752920813500649,348,0.040891389009086974,189
2016Q3,KO,2674,0.10134629768137622,271,0.10545998504113688,282,0.03552729992520568,95,0.10284218399401646,275,0.04038893044128646,108,0.3758414360508601,1005,0.04899027673896784,131,0.1118175018698579,299,0.2161555721765146,578,0.01795063575168287,48,0.026551982049364247,71,0.10583395661929694,283,0.02468212415856395,66
2016Q3,KP-PSL,235,0.13191489361702127,31,0.20851063829787234,49,0.029787234042553193,7,0.30638297872340425,72,0.08085106382978724,19,0.6978723404255319,164,0.0851063829787234,20,0.22127659574468084,52,0.3829787234042553,90,0.05531914893617021,13,0.0425531914893617,10,0.2127659574468085,50,0.08936170212765958,21
2016Q3,Kukiz15,527,0.013282732447817837,7,0.03795066413662239,20,0.020872865275142316,11,0.08349146110056926,44,0.03415559772296015,18,0.16698292220113853,88,0.015180265654648957,8,0.030360531309297913,16,0.0683111954459203,36,0.0056925996204933585,3,0.015180265654648957,8,0.06261859582542695,33,0.024667931688804556,13
2016Q3,PiS,3387,0.04576321228225568,155,0.03897254207263064,132,0.025686448184233834,87,0.14201358134041925,481,0.04369648656628285,148,0.23944493652199586,811,0.03513433717153824,119,0.05373486861529377,182,0.09093593150280484,308,0.0188957779746088,64,0.012695600826690287,43,0.07204015352819604,244,0.04074402125775022,138
2016Q4,KO,4483,0.11108632612090118,498,0.12201650680347981,547,0.036582645549855006,164,0.09948695070265447,446,0.03546732099040821,159,0.4117778273477582,1846,0.06424269462413562,288,0.1159937541824671,520,0.2491635065804149,1117,0.027213919250501897,122,0.043274592906535805,194,0.1298237787196074,582,0.018291322774927503,82
2016Q4,KP-PSL,436,0.1651376146788991,72,0.20642201834862386,90,0.08944954128440367,39,0.29128440366972475,127,0.08027522935779817,35,0.7041284403669725,307,0.11926605504587157,52,0.1834862385321101,80,0.43577981651376146,190,0.05733944954128441,25,0.05504587155963303,24,0.21330275229357798,93,0.06880733944954129,30
2016Q4,Kukiz15,942,0.05201698513800425,49,0.050955414012738856,48,0.022292993630573247,21,0.07112526539278131,67,0.01910828025477707,18,0.19532908704883228,184,0.022292993630573247,21,0.03503184713375796,33,0.08917197452229299,84,0.010615711252653927,10,0.016985138004246284,16,0.0732484076433121,69,0.021231422505307854,20
2016Q4,PiS,5361,0.054653982465957845,293,0.030964372318597277,166,0.022756948330535348,122,0.1438164521544488,771,0.03357582540570789,180,0.2331654542063048,1250,0.04290244357396008,230,0.06118261518373438,328,0.07983585152023877,428,0.02089162469688491,112,0.008393956351426972,45,0.058198097369893675,312,0.03450848722253311,185
2017Q1,KO,2317,0.0759602934829521,176,0.0953819594302978,221,0.02589555459646094,60,0.11782477341389729,273,0.02416918429003021,56,0.330168321104877,765,0.04618040569702201,107,0.09236081139404402,214,0.20069054812257228,465,0.015537332757876565,36,0.030643072939145446,71,0.10056107034958998,233,0.025032369443245578,58
2017Q1,KP-PSL,212,0.10377358490566038,22,0.14150943396226415,30,0.05188679245283019,11,0.33490566037735847,71,0.04245283018867924,9,0.5141509433962265,109,0.08490566037735849,18,0.1179245283018868,25,0.25471698113207547,54,0.03773584905660377,8,0.0330188679245283,7,0.18867924528301888,40,0.1320754716981132,28
2017Q1,Kukiz15,442,0.024886877828054297,11,0.058823529411764705,26,0.00904977375565611,4,0.11990950226244344,53,0.020361990950226245,9,0.19683257918552036,87,0.011312217194570135,5,0.04751131221719457,21,0.083710407239819,37,0.006787330316742082,3,0.02262443438914027,10,0.07692307692307693,34,0.03619909502262444,16
2017Q1,PiS,2718,0.026857983811626195,73,0.044518027961736574,121,0.016188373804267846,44,0.16114790286975716,438,0.03384841795437822,92,0.21008094186902135,571,0.030537159676232523,83,0.044518027961736574,121,0.06990434142752024,190,0.01913171449595291,52,0.008830022075055188,24,0.07579102281089035,206,0.04525386313465784,123
2017Q2,KO,2959,0.10375126732004056,307,0.09327475498479217,276,0.03345724907063197,99,0.12470429199053734,369,0.030753632984116257,91,0.36329841162554916,1075,0.05542412977357215,164,0.10307536329841163,305,0.22406218316998985,663,0.022980736735383575,68,0.029401824940858398,87,0.11051030753632984,327,0.026360256843528218,78
2017Q2,KP-PSL,255,0.18823529411764706,48,0.16862745098039217,43,0.11372549019607843,29,0.2784313725490196,71,0.10196078431372549,26,0.6039215686274509,154,0.10196078431372549,26,0.15294117647058825,39,0.3843137254901961,98,0.08627450980392157,22,0.058823529411764705,15,0.2196078431372549,56,0.07058823529411765,18
2017Q2,Kukiz15,758,0.036939313984168866,28,0.0395778364116095,30,0.013192612137203167,10,0.09102902374670185,69,0.018469656992084433,14,0.18733509234828497,142,0.0316622691292876,24,0.0395778364116095,30,0.07519788918205805,57,0.011873350923482849,9,0.011873350923482849,9,0.06860158311345646,52,0.014511873350923483,11
2017Q2,PiS,3081,0.037650113599480686,116,0.03375527426160337,104,0.017851346965271016,55,0.15774099318403115,486,0.028237585199610515,87,0.22005842259006816,678,0.03732554365465758,115,0.045764362220058426,141,0.0730282375851996,225,0.02174618630314833,67,0.012658227848101266,39,0.07919506653683869,244,0.03992210321324245,123
2017Q3,KO,2840,0.1538732394366197,437,0.17535211267605633,498,0.04894366197183098,139,0.12323943661971831,350,0.059507042253521124,169,0.5066901408450705,1439,0.0823943661971831,234,0.16338028169014085,464,0.3295774647887324,936,0.03028169014084507,86,0.03943661971830986,112,0.15598591549295773,443,0.021830985915492956,62
2017Q3,KP-PSL,242,0.14049586776859505,34,0.2231404958677686,54,0.09090909090909091,22,0.2975206611570248,72,0.08677685950413223,21,0.6735537190082644,163,0.10330578512396695,25,0.2024793388429752,49,0.44214876033057854,107,0.049586776859504134,12,0.05785123966942149,14,0.21487603305785125,52,0.08677685950413223,21
2017Q3,Kukiz15,612,0.03758169934640523,23,0.0457516339869281,28,0.0196078431372549,12,0.0915032679738562,56,0.016339869281045753,10,0.20098039215686275,123,0.024509803921568627,15,0.05228758169934641,32,0.0784313725490196,48,0.014705882352941176,9,0.021241830065359478,13,0.07352941176470588,45,0.014705882352941176,9
2017Q3,PiS,3338,0.0701018573996405,234,0.03055721989215099,102,0.032654284002396644,109,0.12971839424805273,433,0.03115638106650689,104,0.24775314559616538,827,0.05392450569203116,180,0.07549430796884361,252,0.0817855002995806,273,0.02366686638705812,79,0.009586578789694428,32,0.05632115038945476,188,0.030856800479328938,103
2017Q4,KO,4538,0.14345526663728514,651,0.14609960334949318,663,0.04847950639048039,220,0.11480828558836492,521,0.04164830321727633,189,0.45636844424856765,2071,0.06654914059056853,302,0.13221683561040107,600,0.29308065226972235,1330,0.019612163948876157,89,0.04164830321727633,189,0.1478624944909652,671,0.021595416483032173,98
2017Q4,KP-PSL,353,0.23229461756373937,82,0.20679886685552407,73,0.08498583569405099,30,0.29461756373937675,104,0.06515580736543909,23,0.7422096317280453,262,0.10198300283286119,36,0.2521246458923513,89,0.4702549575070821,166,0.0679886685552408,24,0.059490084985835696,21,0.24929178470254956,88,0.06232294617563739,22
2017Q4,Kukiz15,769,0.06241872561768531,48,0.08322496749024708,64,0.02600780234070221,20,0.11443433029908973,88,0.027308192457737322,21,0.2613784135240572,201,0.03901170351105332,30,0.06501950585175553,50,0.12093628088426528,93,0.009102730819245773,7,0.018205461638491547,14,0.10663198959687907,82,0.02990897269180754,23
2017Q4,PiS,4577,0.0672929866724929,308,0.022503823465151847,103,0.022940790911077126,105,0.13895564780423858,636,0.025999563032554074,119,0.23071881144854708,1056,0.055494865632510375,254,0.05527638190954774,253,0.06838540528730609,313,0.02141140485033865,98,0.009831767533318768,45,0.0600830238147258,275,0.034301944505134366,157
2018Q1,KO,2464,0.10349025974025974,255,0.10430194805194805,257,0.03571428571428571,88,0.12094155844155845,298,0.037743506493506496,93,0.3940746753246753,971,0.05519480519480519,136,0.1176948051948052,290,0.2325487012987013,573,0.023944805194805196,59,0.040990259740259744,101,0.13758116883116883,339,0.022727272727272728,56
2018Q1,KP-PSL,224,0.13839285714285715,31,0.12053571428571429,27,0.07589285714285714,17,0.34375,77,0.125,28,0.6026785714285714,135,0.0625,14,0.15625,35,0.3169642857142857,71,0.05803571428571429,13,0.03571428571428571,8,0.2544642857142857,57,0.09821428571428571,22
2018Q1,Kukiz15,694,0.040345821325648415,28,0.03890489913544669,27,0.021613832853025938,15,0.09654178674351585,67,0.018731988472622477,13,0.17723342939481268,123,0.021613832853025938,15,0.0446685878962536,31,0.06340057636887608,44,0.010086455331412104,7,0.011527377521613832,8,0.07780979827089338,54,0.023054755043227664,16
2018Q1,PiS,2842,0.03940886699507389,112,0.028852920478536243,82,0.022519352568613652,64,0.13652357494722026,388,0.05242786769880366,149,0.19422941590429274,552,0.03377902885292048,96,0.043631245601688955,124,0.06087262491203378,173,0.015482054890921885,44,0.006685432793807178,19,0.047149894440534836,134,0.036593947923997186,104
2018Q2,KO,2755,0.12304900181488203,339,0.09727767695099819,268,0.043194192377495465,119,0.11941923774954628,329,0.036297640653357534,100,0.40036297640653357,1103,0.052994555353902,146,0.12377495462794919,341,0.26642468239564426,734,0.024319419237749548,67,0.03411978221415608,94,0.13176043557168785,363,0.018874773139745917,52
2018Q2,KP-PSL,196,0.22959183673469388,45,0.18877551020408162,37,0.07142857142857142,14,0.2857142857142857,56,0.11224489795918367,22,0.6938775510204082,136,0.061224489795918366,12,0.21428571428571427,42,0.4387755102040816,86,0.0663265306122449,13,0.08163265306122448,16,0.3112244897959184,61,0.0663265306122449,13
2018Q2,Kukiz15,544,0.051470588235294115,28,0.0625,34,0.02022058823529412,11,0.10661764705882353,58,0.02389705882352941,13,0.20036764705882354,109,0.022058823529411766,12,0.04044117647058824,22,0.09926470588235294,54,0.016544117647058824,9,0.016544117647058824,9,0.0900735294117647,49,0.02389705882352941,13
2018Q2,PiS,2821,0.041474654377880185,117,0.01240694789081886,35,0.017015242821694435,48,0.12194257355547679,344,0.018433179723502304,52,0.1726338177951081,487,0.03970223325062035,112,0.04572846508330379,129,0.053172633817795106,150,0.017015242821694435,48,0.00673520028358738,19,0.05246366536689118,148,0.034739454094292806,98
2018Q3,KO,2253,0.13892587660896583,313,0.1509098979138926,340,0.045272969374167776,102,0.13670661340434975,308,0.04438526409232135,100,0.4505104305370617,1015,0.06258322237017311,141,0.14070128717265867,317,0.2822902796271638,636,0.015534842432312472,35,0.039502885042166,89,0.16555703506435862,373,0.02174877940523746,49
2018Q3,KP-PSL,135,0.2,27,0.18518518518518517,25,0.1037037037037037,14,0.2740740740740741,37,0.1037037037037037,14,0.6370370370370371,86,0.1259259259259259,17,0.17777777777777778,24,0.42962962962962964,58,0.0962962962962963,13,0.05185185185185185,7,0.3111111111111111,42,0.07407407407407407,10
2018Q3,Kukiz15,452,0.10619469026548672,48,0.0752212389380531,34,0.05088495575221239,23,0.09070796460176991,41,0.022123893805309734,10,0.2809734513274336,127,0.03761061946902655,17,0.07300884955752213,33,0.11283185840707964,51,0.011061946902654867,5,0.022123893805309734,10,0.11061946902654868,50,0.01991150442477876,9
2018Q3,PiS,2470,0.04251012145748988,105,0.01862348178137652,46,0.016194331983805668,40,0.12834008097165991,317,0.021052631578947368,52,0.19190283400809716,474,0.04089068825910931,101,0.04817813765182186,119,0.062348178137651825,154,0.019433198380566803,48,0.006072874493927126,15,0.051417004048582994,127,0.02834008097165992,70
2018Q4,KO,3270,0.12507645259938838,409,0.10550458715596331,345,0.023853211009174313,78,0.11406727828746177,373,0.026299694189602447,86,0.39724770642201834,1299,0.047706422018348627,156,0.09908256880733946,324,0.26085626911314985,853,0.023547400611620795,77,0.028134556574923548,92,0.16299694189602446,533,0.021406727828746176,70
2018Q4,KP-PSL,230,0.2,46,0.18695652173913044,43,0.05217391304347826,12,0.27391304347826084,63,0.06086956521739131,14,0.6478260869565218,149,0.1,23,0.2,46,0.4260869565217391,98,0.08695652173913043,20,0.04782608695652174,11,0.2608695652173913,60,0.08695652173913043,20
2018Q4,Kukiz15,670,0.056716417910447764,38,0.08507462686567165,57,0.03283582089552239,22,0.12985074626865672,87,0.01791044776119403,12,0.29701492537313434,199,0.025373134328358207,17,0.07014925373134329,47,0.13880597014925372,93,0.016417910447761194,11,0.034328358208955224,23,0.16865671641791044,113,0.03283582089552239,22
2018Q4,PiS,3403,0.04260946223920071,145,0.022039377020276227,75,0.020570085218924478,70,0.17043784895680283,580,0.025565677343520422,87,0.20658242727005582,703,0.041727887158389654,142,0.0461357625624449,157,0.06406112253893623,218,0.02027622685865413,69,0.005583308845136644,19,0.05524537173082574,188,0.051131354687040845,174
2019Q1,KO,1930,0.09533678756476684,184,0.08704663212435233,168,0.02849740932642487,55,0.10829015544041451,209,0.032642487046632127,63,0.3466321243523316,669,0.03419689119170984,66,0.11243523316062176,217,0.22124352331606217,427,0.012435233160621761,24,0.024352331606217616,47,0.12746113989637306,246,0.02072538860103627,40
2019Q1,KP-PSL,135,0.08148148148148149,11,0.1111111111111111,15,0.022222222222222223,3,0.34814814814814815,47,0.07407407407407407,10,0.5925925925925926,80,0.05185185185185185,7,0.15555555555555556,21,0.3111111111111111,42,0.044444444444444446,6,0.044444444444444446,6,0.22962962962962963,31,0.1037037037037037,14
2019Q1,Kukiz15,453,0.08830022075055188,40,0.04415011037527594,20,0.019867549668874173,9,0.11479028697571744,52,0.019867549668874173,9,0.2737306843267108,124,0.02869757174392936,13,0.06622516556291391,30,0.11699779249448124,53,0.006622516556291391,3,0.024282560706401765,11,0.08167770419426049,37,0.03532008830022075,16
2019Q1,PiS,1786,0.027995520716685332,50,0.020716685330347144,37,0.013437849944008958,24,0.1455767077267637,260,0.027995520716685332,50,0.177491601343785,317,0.025195968645016796,45,0.03527435610302351,63,0.052071668533034715,93,0.01791713325867861,32,0.0033594624860022394,6,0.04983202687569989,89,0.052071668533034715,93
2019Q2,KO,2047,0.14020517830972154,287,0.11235955056179775,230,0.03224230581338544,66,0.0986809965803615,202,0.021983390327308255,45,0.4025403028822667,824,0.05276013678553981,108,0.1250610649731314,256,0.2740595994137763,561,0.0268685881778212,55,0.027357107962872496,56,0.16365412799218368,335,0.02344894968246214,48
2019Q2,KP-PSL,121,0.08264462809917356,10,0.1322314049586777,16,0.01652892561983471,2,0.2727272727272727,33,0.06611570247933884,8,0.5950413223140496,72,0.06611570247933884,8,0.19008264462809918,23,0.3884297520661157,47,0.04132231404958678,5,0.05785123966942149,7,0.2644628099173554,32,0.11570247933884298,14
2019Q2,Kukiz15,396,0.03787878787878788,15,0.06818181818181818,27,0.015151515151515152,6,0.12878787878787878,51,0.010101010101010102,4,0.2702020202020202,107,0.017676767676767676,7,0.05303030303030303,21,0.09848484848484848,39,0.012626262626262626,5,0.022727272727272728,9,0.13636363636363635,54,0.03282828282828283,13
2019Q2,PiS,2346,0.04688832054560955,110,0.0196078431372549,46,0.017902813299232736,42,0.170076726342711,399,0.02514919011082694,59,0.20119352088661552,472,0.04049445865302643,95,0.04816709292412617,113,0.0639386189258312,150,0.023444160272804774,55,0.005115089514066497,12,0.06095481670929241,143,0.050724637681159424,119
2019Q3,KO,1843,0.11991318502441671,221,0.1166576234400434,215,0.030385241454150842,56,0.11611502984264786,214,0.0363537710255019,67,0.4172544763971785,769,0.05642973412913728,104,0.13347802495930547,246,0.2566467715680955,473,0.025501899077590883,47,0.020075963103635377,37,0.15301139446554532,282,0.02387411828540423,44
2019Q3,KP-PSL,127,0.09448818897637795,12,0.2204724409448819,28,0.09448818897637795,12,0.2677165354330709,34,0.07874015748031496,10,0.5511811023622047,70,0.05511811023622047,7,0.13385826771653545,17,0.30708661417322836,39,0.03937007874015748,5,0.023622047244094488,3,0.2125984251968504,27,0.07874015748031496,10
2019Q3,Kukiz15,458,0.021834061135371178,10,0.08078602620087336,37,0.010917030567685589,5,0.13755458515283842,63,0.028384279475982533,13,0.23580786026200873,108,0.010917030567685589,5,0.05240174672489083,24,0.08296943231441048,38,0.015283842794759825,7,0.008733624454148471,4,0.11135371179039301,51,0.03711790393013101,17
2019Q3,PiS,3018,0.04638833664678595,140,0.019218025182239893,58,0.010603048376408217,32,0.1166335321404904,352,0.018223989396951624,55,0.16202783300198806,489,0.031477799867461895,95,0.039761431411530816,120,0.04539430086149768,137,0.015241882041086813,46,0.005632869449966865,17,0.04506295559973492,136,0.039761431411530816,120
2019Q4,KO,990,0.13333333333333333,132,0.14646464646464646,145,0.043434343434343436,43,0.1303030303030303,129,0.031313131313131314,31,0.39595959595959596,392,0.03535353535353535,35,0.11515151515151516,114,0.25656565656565655,254,0.022222222222222223,22,0.021212121212121213,21,0.1797979797979798,178,0.031313131313131314,31
2019Q4,KP-PSL,352,0.05397727272727273,19,0.08522727272727272,30,0.022727272727272728,8,0.09375,33,0.011363636363636364,4,0.21306818181818182,75,0.017045454545454544,6,0.05113636363636364,18,0.11363636363636363,40,0.008522727272727272,3,0.019886363636363636,7,0.09375,33,0.028409090909090908,10
2019Q4,Kukiz15,21,0.0,0,0.0,0,0.0,0,0.09523809523809523,2,0.0,0,0.047619047619047616,1,0.0,0,0.0,0,0.0,0,0.0,0,0.0,0,0.0,0,0.14285714285714285,3
2019Q4,Lewica,325,0.12307692307692308,40,0.13846153846153847,45,0.04,13,0.1476923076923077,48,0.03076923076923077,10,0.44,143,0.021538461538461538,7,0.09230769230769231,30,0.27076923076923076,88,0.021538461538461538,7,0.033846153846153845,11,0.2153846153846154,70,0.04,13
2019Q4,PiS,1267,0.05840568271507498,74,0.016574585635359115,21,0.035516969218626675,45,0.13812154696132597,175,0.025256511444356748,32,0.16179952644041043,205,0.03472770323599053,44,0.043409629044988164,55,0.05840568271507498,74,0.016574585635359115,21,0.007103393843725336,9,0.05288082083662194,67,0.043409629044988164,55
2020Q1,KO,1773,0.13705583756345177,243,0.15397631133671744,273,0.03609701071630006,64,0.13931190073322053,247,0.04173716864072194,74,0.4421883812746757,784,0.050197405527354765,89,0.12972363226170333,230,0.2876480541455161,510,0.028764805414551606,51,0.02707275803722504,48,0.20642978003384094,366,0.038917089678511,69
2020Q1,KP-PSL,734,0.03814713896457766,28,0.04632152588555858,34,0.009536784741144414,7,0.07356948228882834,54,0.017711171662125342,13,0.16621253405994552,122,0.02316076294277929,17,0.055858310626702996,41,0.07493188010899182,55,0.010899182561307902,8,0.006811989100817439,5,0.06403269754768393,47,0.02997275204359673,22
2020Q1,Lewica,1080,0.07222222222222222,78,0.11018518518518519,119,0.024074074074074074,26,0.12314814814814815,133,0.025,27,0.3101851851851852,335,0.03796296296296296,41,0.09351851851851851,101,0.14907407407407408,161,0.011111111111111112,12,0.010185185185185186,11,0.13518518518518519,146,0.030555555555555555,33
2020Q1,PiS,1868,0.04443254817987152,83,0.035331905781584586,66,0.028372591006423982,53,0.16916488222698073,316,0.032119914346895075,60,0.23501070663811563,439,0.05835117773019272,109,0.056745182012847964,106,0.08832976445396146,165,0.031049250535331904,58,0.013918629550321198,26,0.07601713062098502,142,0.044967880085653104,84
2020Q2,KO,1617,0.14656771799628943,237,0.16759431045145332,271,0.03896103896103896,63,0.137291280148423,222,0.04143475572047001,67,0.4613481756338899,746,0.05256648113790971,85,0.16326530612244897,264,0.3085961657390229,499,0.027829313543599257,45,0.01855287569573284,30,0.19604205318491033,317,0.02350030921459493,38
2020Q2,KP-PSL,697,0.04878048780487805,34,0.03443328550932568,24,0.015781922525107604,11,0.0703012912482066,49,0.02295552367288379,16,0.19799139167862267,138,0.03730272596843615,26,0.08321377331420372,58,0.09612625538020086,67,0.020086083213773313,14,0.018651362984218076,13,0.06743185078909612,47,0.024390243902439025,17
2020Q2,Lewica,910,0.1021978021978022,93,0.12307692307692308,112,0.03626373626373627,33,0.1076923076923077,98,0.02857142857142857,26,0.34835164835164834,317,0.04065934065934066,37,0.1021978021978022,93,0.19230769230769232,175,0.015384615384615385,14,0.03626373626373627,33,0.16263736263736264,148,0.013186813186813187,12
2020Q2,PiS,2031,0.05465288035450517,111,0.01772525849335303,36,0.021664204825209258,44,0.13835548990645002,281,0.022648941408173313,46,0.22698178237321517,461,0.055145248645987195,112,0.05071393402264894,103,0.08764155588380108,178,0.035942885278188084,73,0.015263417035942885,31,0.05416051206302314,110,0.03741999015263417,76
2020Q3,KO,1717,0.1059988351776354,182,0.1100757134536983,189,0.039021549213744906,67,0.14385556202679092,247,0.046010483401281305,79,0.3849737914967967,661,0.05591147350029121,96,0.11531741409435062,198,0.2417006406523005,415,0.017472335468841003,30,0.022714036109493303,39,0.15084449621432733,259,0.0297029702970297,51
2020Q3,KP-PSL,593,0.04047217537942664,24,0.05227655986509275,31,0.01517706576728499,9,0.07925801011804384,47,0.01517706576728499,9,0.16526138279932545,98,0.021922428330522766,13,0.05227655986509275,31,0.0775716694772344,46,0.02023608768971332,12,0.01011804384485666,6,0.06408094435075885,38,0.023608768971332208,14
2020Q3,Lewica,910,0.07692307692307693,70,0.0912087912087912,83,0.031868131868131866,29,0.12307692307692308,112,0.026373626373626374,24,0.3098901098901099,282,0.04835164835164835,44,0.05714285714285714,52,0.14175824175824175,129,0.013186813186813187,12,0.02857142857142857,26,0.1043956043956044,95,0.01868131868131868,17
2020Q3,PiS,1402,0.04065620542082739,57,0.017118402282453638,24,0.029243937232524966,41,0.181169757489301,254,0.037089871611982884,52,0.21683309557774608,304,0.052781740370898715,74,0.043509272467902996,61,0.07703281027104136,108,0.019971469329529243,28,0.006419400855920114,9,0.07061340941512126,99,0.05206847360912981,73
2020Q4,KO,2225,0.15146067415730338,337,0.181123595505618,403,0.046741573033707864,104,0.13617977528089886,303,0.04943820224719101,110,0.4220224719101124,939,0.0498876404494382,111,0.11910112359550562,265,0.2808988764044944,625,0.017977528089887642,40,0.02247191011235955,50,0.20224719101123595,450,0.03191011235955056,71
2020Q4,KP-PSL,1015,0.04039408866995074,41,0.06206896551724138,63,0.016748768472906402,17,0.09064039408866995,92,0.017733990147783252,18,0.1812807881773399,184,0.014778325123152709,15,0.053201970443349754,54,0.09556650246305419,97,0.014778325123152709,15,0.007881773399014778,8,0.08669950738916256,88,0.04039408866995074,41
2020Q4,Lewica,1104,0.07336956521739131,81,0.125,138,0.04528985507246377,50,0.11231884057971014,124,0.03894927536231884,43,0.29891304347826086,330,0.03894927536231884,43,0.06974637681159421,77,0.1721014492753623,190,0.019021739130434784,21,0.022644927536231884,25,0.11322463768115942,125,0.028079710144927536,31
2020Q4,PiS,1974,0.06838905775075987,135,0.02684903748733536,53,0.03292806484295846,65,0.1590678824721378,314,0.037487335359675786,74,0.22087132725430597,436,0.05673758865248227,112,0.05927051671732523,117,0.07649442755825735,151,0.023809523809523808,47,0.00911854103343465,18,0.06028368794326241,119,0.04812563323201621,95
2021Q1,KO,1446,0.1334716459197787,193,0.1459197786998617,211,0.04149377593360996,60,0.1459197786998617,211,0.05186721991701245,75,0.4218533886583679,610,0.04910096818810512,71,0.12102351313969571,175,0.2745504840940526,397,0.022821576763485476,33,0.022130013831258646,32,0.17704011065006917,256,0.03250345781466114,47
2021Q1,KP-PSL,564,0.044326241134751775,25,0.07092198581560284,40,0.01773049645390071,10,0.0851063829787234,48,0.01773049645390071,10,0.20212765957446807,114,0.024822695035460994,14,0.05319148936170213,30,0.08865248226950355,50,0.008865248226950355,5,0.01773049645390071,10,0.08687943262411348,49,0.024822695035460994,14
2021Q1,Lewica,813,0.08241082410824108,67,0.0959409594095941,78,0.028290282902829027,23,0.08610086100861009,70,0.023370233702337023,19,0.2878228782287823,234,0.04551045510455105,37,0.0959409594095941,78,0.16728167281672818,136,0.012300123001230012,10,0.01845018450184502,15,0.11562115621156212,94,0.023370233702337023,19
2021Q1,PiS,1612,0.039081885856079406,63,0.011786600496277916,19,0.018610421836228287,30,0.15260545905707196,246,0.018610421836228287,30,0.1761786600496278,284,0.04156327543424317,67,0.03535980148883375,57,0.05831265508684864,94,0.016749379652605458,27,0.009305210918114143,15,0.04528535980148883,73,0.05086848635235732,82
2021Q2,KO,1722,0.10104529616724739,174,0.16434378629500582,283,0.03426248548199768,59,0.15911730545876887,274,0.05110336817653891,88,0.4070847851335656,701,0.05110336817653891,88,0.12659698025551683,218,0.2665505226480836,459,0.02032520325203252,35,0.018002322880371662,31,0.16085946573751453,277,0.04123112659698026,71
2021Q2,KP-PSL,751,0.03595206391478029,27,0.05193075898801598,39,0.011984021304926764,9,0.09720372836218376,73,0.019973368841544607,15,0.19440745672436752,146,0.015978695073235686,12,0.05992010652463382,45,0.09187749667110519,69,0.011984021304926764,9,0.006657789613848202,5,0.07190412782956059,54,0.03462050599201065,26
2021Q2,Lewica,894,0.07046979865771812,63,0.09284116331096197,83,0.021252796420581657,19,0.1297539149888143,116,0.03243847874720358,29,0.2975391498881432,266,0.03355704697986577,30,0.087248322147651,78,0.1644295302013423,147,0.006711409395973154,6,0.0145413870246085,13,0.10850111856823266,97,0.03355704697986577,30
2021Q2,PiS,2166,0.04339796860572484,94,0.025392428439519853,55,0.023545706371191136,51,0.15604801477377656,338,0.029547553093259463,64,0.1795937211449677,389,0.040627885503231764,88,0.04247460757156048,92,0.057248384118190214,124,0.013850415512465374,30,0.006925207756232687,15,0.04755309325946445,103,0.04755309325946445,103
2021Q3,KO,2327,0.14353244520842287,334,0.17619252256123766,410,0.05027932960893855,117,0.12849162011173185,299,0.048130640309411256,112,0.4473571121615814,1041,0.04555221314997851,106,0.13751611516974646,320,0.31327889987107865,729,0.023205844434894714,54,0.021057155135367427,49,0.1989686291362269,463,0.02965191233347658,69
2021Q3,KP-PSL,880,0.038636363636363635,34,0.05113636363636364,45,0.010227272727272727,9,0.08636363636363636,76,0.015909090909090907,14,0.175,154,0.026136363636363635,23,0.05795454545454545,51,0.09318181818181819,82,0.00909090909090909,8,0.00909090909090909,8,0.06704545454545455,59,0.03409090909090909,30
2021Q3,Lewica,1374,0.07860262008733625,108,0.11863173216885008,163,0.03857350800582242,53,0.08951965065502183,123,0.024745269286754003,34,0.31877729257641924,438,0.03566229985443959,49,0.08369723435225619,115,0.20305676855895197,279,0.015283842794759825,21,0.022561863173216887,31,0.11280931586608442,155,0.024017467248908297,33
2021Q3,PiS,2463,0.04953308972797402,122,0.0341047503045067,84,0.025172553796183515,62,0.20138043036946812,496,0.04100690215184734,101,0.23183110028420625,571,0.04587900933820544,113,0.061713357693869264,152,0.07064555420219244,174,0.023142509135200974,57,0.005278116118554608,13,0.06293138449045879,155,0.0535931790499391,132
2021Q4,KO,2894,0.11437456807187284,331,0.14996544574982723,434,0.03628196268140981,105,0.14270905321354527,413,0.04077401520387008,118,0.3953006219765031,1144,0.03835521769177609,111,0.10850034554250172,314,0.2460262612301313,712,0.020041465100207326,58,0.021769177608845888,63,0.17000691085003455,492,0.03559087767795439,103
2021Q4,KP-PSL,902,0.02771618625277162,25,0.07206208425720621,65,0.0066518847006651885,6,0.1008869179600887,91,0.012195121951219513,11,0.18514412416851442,167,0.025498891352549888,23,0.057649667405764965,52,0.09090909090909091,82,0.005543237250554324,5,0.009977827050997782,9,0.07427937915742794,67,0.036585365853658534,33
2021Q4,Lewica,1777,0.056837366347777155,101,0.11480022509848059,204,0.021384355655599326,38,0.09791783905458638,174,0.029262802476083285,52,0.2566122678671919,456,0.028137310073157007,50,0.057400112549240295,102,0.1305571187394485,232,0.006752954417557681,12,0.013505908835115363,24,0.10354530106921778,184,0.029262802476083285,52
2021Q4,PiS,3230,0.045820433436532505,148,0.05448916408668731,176,0.02910216718266254,94,0.191640866873065,619,0.04520123839009288,146,0.230030959752322,743,0.04427244582043344,143,0.055108359133126936,178,0.0826625386996904,267,0.02414860681114551,78,0.0071207430340557275,23,0.0693498452012384,224,0.06037151702786378,195
2022Q1,KO,2613,0.10371220818982013,271,0.15958668197474168,417,0.032529659395331034,85,0.13203214695752008,345,0.038270187523918864,100,0.3788748564867968,990,0.035973976272483735,94,0.09720627631075392,254,0.22043628013777267,576,0.015308075009567547,40,0.029850746268656716,78,0.17872177573670112,467,0.035208572522005356,92
2022Q1,KP-PSL,1076,0.040892193308550186,44,0.048327137546468404,52,0.007434944237918215,8,0.07156133828996282,77,0.008364312267657992,9,0.15613382899628253,168,0.01858736059479554,20,0.027881040892193308,30,0.055762081784386616,60,0.004646840148698885,5,0.0055762081784386614,6,0.08085501858736059,87,0.03345724907063197,36
2022Q1,Lewica,1408,0.078125,110,0.14772727272727273,208,0.03409090909090909,48,0.14417613636363635,203,0.03835227272727273,54,0.34517045454545453,486,0.028409090909090908,40,0.07528409090909091,106,0.1690340909090909,238,0.013494318181818182,19,0.02130681818181818,30,0.14701704545454544,207,0.05539772727272727,78
2022Q1,PiS,2749,0.05747544561658785,158,0.05674790833030193,156,0.02437249909057839,67,0.1935249181520553,532,0.0411058566751546,113,0.2608221171335031,717,0.048381229538013826,133,0.06838850491087668,188,0.08257548199345216,227,0.030920334667151692,85,0.011640596580574755,32,0.0738450345580211,203,0.0607493634048745,167
2022Q2,KO,2656,0.13140060240963855,349,0.1615210843373494,429,0.04141566265060241,110,0.13403614457831325,356,0.043298192771084335,115,0.4145331325301205,1101,0.046686746987951805,124,0.11558734939759036,307,0.2564006024096386,681,0.024096385542168676,64,0.02447289156626506,65,0.17996987951807228,478,0.025602409638554216,68
2022Q2,KP-PSL,1196,0.0451505016722408,54,0.046822742474916385,56,0.017558528428093644,21,0.06605351170568562,79,0.015050167224080268,18,0.15301003344481606,183,0.0225752508361204,27,0.03762541806020067,45,0.06354515050167224,76,0.007525083612040134,9,0.005016722408026756,6,0.048494983277591976,58,0.019230769230769232,23
2022Q2,Lewica,1760,0.07670454545454546,135,0.11420454545454546,201,0.03579545454545455,63,0.11022727272727273,194,0.03238636363636364,57,0.2909090909090909,512,0.03465909090909091,61,0.0715909090909091,126,0.13920454545454544,245,0.010227272727272727,18,0.013068181818181817,23,0.10397727272727272,183,0.026136363636363635,46
2022Q2,PiS,2923,0.06329113924050633,185,0.045843311666096474,134,0.027369141293191925,80,0.1847417037290455,540,0.041737940472117686,122,0.2572699281560041,752,0.06910708176530961,202,0.06842285323297982,200,0.09989736572015052,292,0.03147451248717072,92,0.012316113581936367,36,0.06158056790968183,180,0.05439616832021895,159
