id,input_tokens,output_tokens,total_tokens,koszt_usd
ParlaMint-PL_2017-09-12-sejm-47-1.u196,2752,14,2766,0.0
ParlaMint-PL_2020-05-28-sejm-12-2.u342,1793,22,1815,0.0
ParlaMint-PL_2016-02-18-senat-11-2.u222,1573,3,1576,0.0
ParlaMint-PL_2019-06-14-sejm-82-3.u34,2727,14,2741,0.0
ParlaMint-PL_2018-12-12-sejm-74-1.u446,1760,3,1763,0.0
ParlaMint-PL_2016-07-06-sejm-22-2.u207,2867,31,2898,0.0
ParlaMint-PL_2020-11-26-senat-18-2.u172,2120,19,2139,0.0
ParlaMint-PL_2022-02-04-senat-36-2.u89,1734,23,1757,0.0
ParlaMint-PL_2021-12-15-senat-34-2.u41,3139,9,3148,0.0
ParlaMint-PL_2015-11-18-sejm-01-4.u74,1968,27,1995,0.0
ParlaMint-PL_2020-12-10-sejm-22-2.u66,1503,3,1506,0.0
ParlaMint-PL_2018-04-11-senat-59-1.u57,2788,29,2817,0.0
ParlaMint-PL_2022-01-12-senat-35-2.u160,1655,3,1658,0.0
ParlaMint-PL_2022-04-27-sejm-53-1.u18,1601,3,1604,0.0
ParlaMint-PL_2017-12-14-senat-52-3.u230,1596,3,1599,0.0
ParlaMint-PL_2022-06-08-sejm-56-1.u377,1878,29,1907,0.0
ParlaMint-PL_2019-12-20-sejm-02-3.u90,1560,9,1569,0.0
ParlaMint-PL_2019-01-16-sejm-76-1.u9,1555,3,1558,0.0
ParlaMint-PL_2017-11-14-senat-50-1.u286,2586,39,2625,0.0
ParlaMint-PL_2016-07-07-sejm-22-3.u428,1588,3,1591,0.0
ParlaMint-PL_2017-02-01-senat-34-1.u77,1534,14,1548,0.0
ParlaMint-PL_2022-03-23-sejm-51-1.u215,1735,14,1749,0.0
ParlaMint-PL_2017-09-15-sejm-47-4.u333,1594,3,1597,0.0
ParlaMint-PL_2015-12-10-senat-04-1.u19,1885,3,1888,0.0
ParlaMint-PL_2019-07-17-sejm-84-1.u92,1768,21,1789,0.0
ParlaMint-PL_2018-04-16-senat-59-3.u138,2554,14,2568,0.0
ParlaMint-PL_2017-11-08-sejm-51-1.u99,2087,14,2101,0.0
ParlaMint-PL_2022-02-16-senat-37-1.u13,1875,3,1878,0.0
ParlaMint-PL_2021-02-17-senat-21-1.u319,1795,21,1816,0.0
ParlaMint-PL_2018-11-21-sejm-72-1.u298,1657,27,1684,0.0
ParlaMint-PL_2022-02-09-sejm-48-2.u187,1536,3,1539,0.0
ParlaMint-PL_2016-09-14-sejm-25-2.u9,1505,3,1508,0.0
ParlaMint-PL_2015-12-22-senat-06-1.u64,1843,3,1846,0.0
ParlaMint-PL_2018-03-22-sejm-60-3.u3,1944,3,1947,0.0
ParlaMint-PL_2020-06-02-senat-11-2.u159,2777,14,2791,0.0
ParlaMint-PL_2022-03-23-sejm-51-1.u467,2513,3,2516,0.0
ParlaMint-PL_2016-06-10-sejm-20-3.u218,1531,10,1541,0.0
ParlaMint-PL_2016-05-11-senat-17-1.u275,1642,17,1659,0.0
ParlaMint-PL_2017-03-10-sejm-37-3.u116,1672,3,1675,0.0
ParlaMint-PL_2017-02-09-sejm-35-2.u565,1706,14,1720,0.0
ParlaMint-PL_2019-07-31-senat-83-1.u249,2732,33,2765,0.0
ParlaMint-PL_2021-09-06-sejm-36-2.u7,3109,34,3143,0.0
ParlaMint-PL_2019-04-04-sejm-79-2.u208,1689,19,1708,0.0
ParlaMint-PL_2016-10-18-senat-27-3.u59,1541,3,1544,0.0
ParlaMint-PL_2016-06-08-sejm-20-1.u715,2083,16,2099,0.0
ParlaMint-PL_2020-05-12-sejm-11-6.u41,1769,24,1793,0.0
ParlaMint-PL_2017-12-14-senat-52-3.u38,2062,14,2076,0.0
ParlaMint-PL_2015-12-29-sejm-07-1.u574,1697,17,1714,0.0
ParlaMint-PL_2022-05-25-sejm-55-1.u640,1725,14,1739,0.0
ParlaMint-PL_2017-07-07-sejm-45-2.u167,1604,3,1607,0.0
ParlaMint-PL_2015-12-31-senat-07-2.u280,1550,14,1564,0.0
ParlaMint-PL_2021-09-15-sejm-37-1.u114,2800,44,2844,0.0
ParlaMint-PL_2017-09-28-sejm-48-2.u482,1553,13,1566,0.0
ParlaMint-PL_2018-04-11-sejm-61-1.u368,1770,14,1784,0.0
ParlaMint-PL_2019-02-21-sejm-77-4.u719,1676,3,1679,0.0
ParlaMint-PL_2020-02-27-senat-05-3.u286,3191,14,3205,0.0
ParlaMint-PL_2017-09-26-senat-47-3.u28,1731,14,1745,0.0
ParlaMint-PL_2019-04-11-sejm-80-1.u123,1525,3,1528,0.0
ParlaMint-PL_2022-03-23-senat-39-1.u253,1722,21,1743,0.0
ParlaMint-PL_2018-07-26-senat-64-3.u359,1626,3,1629,0.0
ParlaMint-PL_2017-05-24-sejm-42-1.u123,1507,3,1510,0.0
ParlaMint-PL_2016-06-10-sejm-20-3.u295,1570,3,1573,0.0
ParlaMint-PL_2020-10-28-senat-17-3.u67,1794,11,1805,0.0
ParlaMint-PL_2015-12-30-sejm-07-2.u138,1724,12,1736,0.0
ParlaMint-PL_2016-07-05-sejm-22-1.u415,2871,26,2897,0.0
ParlaMint-PL_2017-04-06-sejm-39-2.u214,1510,3,1513,0.0
ParlaMint-PL_2018-12-13-sejm-74-2.u212,2475,21,2496,0.0
ParlaMint-PL_2016-09-21-senat-26-1.u92,3150,14,3164,0.0
ParlaMint-PL_2017-10-18-senat-48-1.u20,1663,22,1685,0.0
ParlaMint-PL_2021-03-17-sejm-27-2.u129,1853,27,1880,0.0
ParlaMint-PL_2022-01-26-sejm-47-1.u125,1973,31,2004,0.0
ParlaMint-PL_2019-07-19-sejm-84-3.u81,2222,14,2236,0.0
ParlaMint-PL_2021-05-12-senat-24-1.u96,1559,3,1562,0.0
ParlaMint-PL_2018-05-10-sejm-62-3.u219,2566,21,2587,0.0
ParlaMint-PL_2018-10-03-sejm-69-2.u154,1826,19,1845,0.0
ParlaMint-PL_2016-07-20-senat-23-1.u273,1846,21,1867,0.0
ParlaMint-PL_2021-08-04-senat-28-1.u345,1543,11,1554,0.0
ParlaMint-PL_2017-09-12-sejm-47-1.u37,1642,3,1645,0.0
ParlaMint-PL_2021-06-17-senat-26-2.u148,1585,3,1588,0.0
ParlaMint-PL_2016-12-01-senat-31-4.u382,1827,3,1830,0.0
ParlaMint-PL_2016-06-09-sejm-20-2.u461,1886,24,1910,0.0
ParlaMint-PL_2016-11-29-sejm-31-1.u193,1817,21,1838,0.0
ParlaMint-PL_2016-12-02-sejm-31-4.u265,1687,23,1710,0.0
ParlaMint-PL_2018-07-18-sejm-67-1.u96,1947,14,1961,0.0
ParlaMint-PL_2021-07-21-sejm-35-1.u53,1854,24,1878,0.0
ParlaMint-PL_2016-12-01-sejm-31-3.u187,1801,14,1815,0.0
ParlaMint-PL_2018-01-17-senat-54-1.u221,1680,20,1700,0.0
ParlaMint-PL_2016-10-05-sejm-27-2.u152,1877,19,1896,0.0
ParlaMint-PL_2020-02-05-senat-04-1.u164,2210,11,2221,0.0
ParlaMint-PL_2015-12-09-sejm-04-1.u78,1974,17,1991,0.0
ParlaMint-PL_2021-03-24-senat-22-1.u82,2163,19,2182,0.0
ParlaMint-PL_2018-01-10-sejm-55-2.u714,1651,14,1665,0.0
ParlaMint-PL_2015-12-17-sejm-05-3.u239,1887,14,1901,0.0
ParlaMint-PL_2018-03-22-sejm-60-3.u107,2906,20,2926,0.0
ParlaMint-PL_2017-11-22-sejm-52-1.u206,1925,17,1942,0.0
ParlaMint-PL_2017-03-09-sejm-37-2.u360,1825,21,1846,0.0
ParlaMint-PL_2017-03-22-sejm-38-1.u371,1542,3,1545,0.0
ParlaMint-PL_2022-03-23-sejm-51-1.u590,1506,3,1509,0.0
ParlaMint-PL_2018-12-12-senat-68-1.u129,1660,11,1671,0.0
ParlaMint-PL_2021-06-18-senat-26-3.u23,1650,3,1653,0.0
ParlaMint-PL_2022-05-12-sejm-54-2.u361,1713,24,1737,0.0
ParlaMint-PL_2018-02-27-sejm-59-1.u274,2575,17,2592,0.0
ParlaMint-PL_2017-11-14-senat-50-1.u246,1886,39,1925,0.0
ParlaMint-PL_2017-12-06-sejm-53-1.u42,1719,18,1737,0.0
ParlaMint-PL_2015-12-02-sejm-03-1.u439,2027,19,2046,0.0
ParlaMint-PL_2017-01-11-senat-33-1.u248,2498,21,2519,0.0
ParlaMint-PL_2021-10-01-sejm-38-3.u391,1576,3,1579,0.0
ParlaMint-PL_2022-06-22-sejm-57-1.u636,1987,18,2005,0.0
ParlaMint-PL_2021-07-21-senat-27-1.u203,1716,17,1733,0.0
ParlaMint-PL_2016-02-09-sejm-11-1.u604,2540,14,2554,0.0
ParlaMint-PL_2020-02-27-senat-05-3.u276,2385,22,2407,0.0
ParlaMint-PL_2018-09-13-sejm-68-2.u451,1557,3,1560,0.0
ParlaMint-PL_2022-03-23-sejm-51-1.u431,1745,24,1769,0.0
ParlaMint-PL_2018-06-06-senat-61-1.u56,1737,3,1740,0.0
ParlaMint-PL_2021-05-19-sejm-30-1.u461,2729,34,2763,0.0
ParlaMint-PL_2015-12-30-senat-07-1.u249,1539,3,1542,0.0
ParlaMint-PL_2019-03-20-senat-75-1.u78,1657,14,1671,0.0
ParlaMint-PL_2021-10-01-sejm-38-3.u26,1567,3,1570,0.0
ParlaMint-PL_2020-01-22-sejm-04-1.u248,3018,16,3034,0.0
ParlaMint-PL_2022-06-29-senat-45-1.u47,1599,18,1617,0.0
ParlaMint-PL_2020-04-29-sejm-11-1.u199,2754,11,2765,0.0
ParlaMint-PL_2016-07-07-sejm-22-3.u229,1675,24,1699,0.0
ParlaMint-PL_2018-11-23-senat-67-3.u260,1598,24,1622,0.0
ParlaMint-PL_2019-12-12-sejm-02-1.u253,1503,3,1506,0.0
ParlaMint-PL_2016-11-30-sejm-31-2.u434,1538,3,1541,0.0
ParlaMint-PL_2017-07-07-sejm-45-2.u326,1769,20,1789,0.0
ParlaMint-PL_2017-06-22-senat-43-2.u11,1568,3,1571,0.0
ParlaMint-PL_2021-10-13-sejm-39-1.u677,2925,42,2967,0.0
ParlaMint-PL_2016-06-08-senat-19-1.u165,1632,24,1656,0.0
ParlaMint-PL_2018-10-03-sejm-69-2.u204,2916,20,2936,0.0
ParlaMint-PL_2018-06-29-senat-62-3.u32,1715,14,1729,0.0
ParlaMint-PL_2020-10-21-sejm-19-2.u63,2622,19,2641,0.0
ParlaMint-PL_2017-12-07-sejm-53-2.u139,1530,3,1533,0.0
ParlaMint-PL_2017-04-21-senat-39-2.u135,1805,14,1819,0.0
ParlaMint-PL_2016-03-17-sejm-14-2.u367,1515,3,1518,0.0
ParlaMint-PL_2019-08-30-sejm-85-3.u88,1993,17,2010,0.0
ParlaMint-PL_2022-03-09-senat-38-1.u258,2080,29,2109,0.0
ParlaMint-PL_2019-03-20-senat-75-1.u111,1528,17,1545,0.0
ParlaMint-PL_2022-02-09-sejm-48-2.u8,1656,22,1678,0.0
ParlaMint-PL_2021-07-07-sejm-34-1.u437,1652,9,1661,0.0
ParlaMint-PL_2020-12-15-sejm-23-1.u139,1784,17,1801,0.0
ParlaMint-PL_2018-09-12-sejm-68-1.u223,2498,21,2519,0.0
ParlaMint-PL_2022-05-11-sejm-54-1.u407,1509,11,1520,0.0
ParlaMint-PL_2017-04-26-senat-40-1.u334,1943,11,1954,0.0
ParlaMint-PL_2021-03-16-sejm-27-1.u485,2060,9,2069,0.0
ParlaMint-PL_2016-03-18-sejm-14-3.u59,1528,3,1531,0.0
ParlaMint-PL_2017-09-28-sejm-48-2.u339,1509,7,1516,0.0
ParlaMint-PL_2021-12-01-sejm-43-2.u418,1760,14,1774,0.0
ParlaMint-PL_2020-01-23-sejm-04-2.u291,1671,21,1692,0.0
ParlaMint-PL_2022-04-06-sejm-52-1.u35,1551,3,1554,0.0
ParlaMint-PL_2017-12-08-sejm-53-3.u594,1709,3,1712,0.0
ParlaMint-PL_2021-10-29-senat-32-3.u94,1537,3,1540,0.0
ParlaMint-PL_2022-05-19-senat-42-2.u56,1578,3,1581,0.0
ParlaMint-PL_2016-06-10-sejm-20-3.u235,1628,3,1631,0.0
ParlaMint-PL_2018-11-23-sejm-72-3.u56,2812,21,2833,0.0
ParlaMint-PL_2018-11-22-senat-67-2.u54,2003,22,2025,0.0
ParlaMint-PL_2017-12-12-sejm-54-1.u244,1699,12,1711,0.0
ParlaMint-PL_2021-06-23-sejm-33-1.u354,2246,3,2249,0.0
ParlaMint-PL_2016-03-09-sejm-13-1.u254,2737,24,2761,0.0
ParlaMint-PL_2019-02-26-senat-74-1.u267,1764,3,1767,0.0
ParlaMint-PL_2017-07-14-senat-45-3.u360,2447,14,2461,0.0
ParlaMint-PL_2016-05-19-sejm-19-2.u187,2047,29,2076,0.0
ParlaMint-PL_2017-06-07-sejm-43-1.u233,2529,14,2543,0.0
ParlaMint-PL_2016-02-12-senat-10-1.u149,1776,22,1798,0.0
ParlaMint-PL_2021-11-25-senat-33-2.u1,2342,3,2345,0.0
ParlaMint-PL_2017-09-14-sejm-47-3.u417,1512,3,1515,0.0
ParlaMint-PL_2018-03-21-sejm-60-2.u211,1503,3,1506,0.0
ParlaMint-PL_2017-01-25-sejm-34-3.u389,1858,21,1879,0.0
ParlaMint-PL_2016-09-05-sejm-24-1.u447,1804,12,1816,0.0
ParlaMint-PL_2015-11-18-sejm-01-4.u144,1687,29,1716,0.0
ParlaMint-PL_2017-06-20-sejm-44-1.u330,1528,3,1531,0.0
ParlaMint-PL_2019-01-24-senat-71-2.u108,2314,13,2327,0.0
ParlaMint-PL_2022-06-23-sejm-57-2.u116,1809,17,1826,0.0
ParlaMint-PL_2016-11-29-sejm-31-1.u244,1535,3,1538,0.0
ParlaMint-PL_2018-11-21-sejm-72-1.u68,2324,34,2358,0.0
ParlaMint-PL_2018-05-10-senat-60-2.u299,2287,16,2303,0.0
ParlaMint-PL_2018-05-08-sejm-62-1.u299,2015,14,2029,0.0
ParlaMint-PL_2019-02-26-senat-74-1.u325,1626,12,1638,0.0
ParlaMint-PL_2016-07-06-sejm-22-2.u760,1631,3,1634,0.0
ParlaMint-PL_2018-12-12-senat-68-1.u36,2586,24,2610,0.0
ParlaMint-PL_2019-12-12-sejm-02-1.u168,1797,3,1800,0.0
ParlaMint-PL_2021-05-19-sejm-30-1.u206,1554,3,1557,0.0
ParlaMint-PL_2020-05-27-sejm-12-1.u206,1505,3,1508,0.0
ParlaMint-PL_2021-07-08-sejm-34-2.u327,1722,3,1725,0.0
ParlaMint-PL_2016-12-16-sejm-33-1.u116,1861,34,1895,0.0
ParlaMint-PL_2021-12-17-sejm-45-1.u43,1601,3,1604,0.0
ParlaMint-PL_2018-11-22-senat-67-2.u312,1820,3,1823,0.0
ParlaMint-PL_2017-11-08-sejm-51-1.u450,1925,17,1942,0.0
ParlaMint-PL_2017-11-22-sejm-52-1.u147,1502,3,1505,0.0
ParlaMint-PL_2019-07-31-senat-83-1.u155,1515,3,1518,0.0
ParlaMint-PL_2018-06-05-sejm-63-1.u166,1887,12,1899,0.0
ParlaMint-PL_2016-10-20-sejm-28-2.u477,2216,33,2249,0.0
ParlaMint-PL_2020-05-13-senat-10-4.u23,1709,14,1723,0.0
ParlaMint-PL_2022-05-11-sejm-54-1.u283,1788,21,1809,0.0
ParlaMint-PL_2015-12-22-sejm-06-2.u61,1563,3,1566,0.0
ParlaMint-PL_2018-07-20-sejm-67-3.u365,1741,14,1755,0.0
ParlaMint-PL_2016-06-15-senat-20-1.u390,2791,14,2805,0.0
ParlaMint-PL_2019-03-15-sejm-78-3.u403,2015,27,2042,0.0
ParlaMint-PL_2021-10-13-sejm-39-1.u575,1774,24,1798,0.0
ParlaMint-PL_2021-12-09-sejm-43-5.u181,1646,18,1664,0.0
ParlaMint-PL_2019-08-30-sejm-85-3.u217,2583,22,2605,0.0
ParlaMint-PL_2018-02-14-senat-56-1.u115,1794,11,1805,0.0
ParlaMint-PL_2019-02-20-sejm-77-3.u332,1507,3,1510,0.0
ParlaMint-PL_2016-08-03-senat-24-1.u114,1504,11,1515,0.0
ParlaMint-PL_2021-09-09-senat-29-1.u131,1759,17,1776,0.0
ParlaMint-PL_2016-09-22-senat-26-2.u54,1635,3,1638,0.0
ParlaMint-PL_2018-12-19-senat-69-1.u71,1685,11,1696,0.0
ParlaMint-PL_2015-12-30-senat-07-1.u272,2200,11,2211,0.0
ParlaMint-PL_2019-02-01-senat-72-1.u24,1570,20,1590,0.0
ParlaMint-PL_2016-07-20-sejm-23-2.u391,1784,14,1798,0.0
ParlaMint-PL_2015-12-23-senat-06-2.u407,3322,33,3355,0.0
ParlaMint-PL_2019-01-30-sejm-77-1.u453,2189,14,2203,0.0
ParlaMint-PL_2017-12-13-senat-52-2.u250,1674,10,1684,0.0
ParlaMint-PL_2019-08-30-sejm-85-3.u362,2559,30,2589,0.0
ParlaMint-PL_2021-12-15-senat-34-2.u99,1606,3,1609,0.0
ParlaMint-PL_2019-01-30-sejm-77-1.u222,1566,3,1569,0.0
ParlaMint-PL_2017-12-05-senat-51-1.u266,1683,3,1686,0.0
ParlaMint-PL_2018-07-05-sejm-66-3.u216,1794,12,1806,0.0
ParlaMint-PL_2019-11-19-sejm-01-3.u448,1730,17,1747,0.0
ParlaMint-PL_2017-02-09-sejm-35-2.u28,3146,57,3203,0.0
ParlaMint-PL_2020-10-28-sejm-20-2.u109,2010,18,2028,0.0
ParlaMint-PL_2017-10-26-sejm-50-2.u476,1507,3,1510,0.0
ParlaMint-PL_2016-12-01-sejm-31-3.u185,1840,18,1858,0.0
ParlaMint-PL_2021-12-09-sejm-43-5.u20,1696,3,1699,0.0
ParlaMint-PL_2016-03-09-sejm-13-1.u244,2672,32,2704,0.0
ParlaMint-PL_2017-11-22-sejm-52-1.u118,2170,24,2194,0.0
ParlaMint-PL_2015-12-15-sejm-05-1.u91,1558,3,1561,0.0
ParlaMint-PL_2019-07-04-sejm-83-2.u129,1797,21,1818,0.0
ParlaMint-PL_2020-10-28-senat-17-3.u262,1893,3,1896,0.0
ParlaMint-PL_2016-06-09-senat-19-2.u6,3183,21,3204,0.0
ParlaMint-PL_2015-12-30-senat-07-1.u119,3221,21,3242,0.0
ParlaMint-PL_2017-12-06-sejm-53-1.u416,1524,14,1538,0.0
ParlaMint-PL_2017-10-26-sejm-50-2.u158,1886,22,1908,0.0
ParlaMint-PL_2017-09-21-senat-47-1.u264,2242,9,2251,0.0
ParlaMint-PL_2021-12-01-sejm-43-2.u254,1724,24,1748,0.0
ParlaMint-PL_2022-06-08-sejm-56-1.u327,2050,31,2081,0.0
ParlaMint-PL_2016-08-04-senat-24-2.u57,2037,19,2056,0.0
ParlaMint-PL_2019-04-12-senat-76-2.u39,1546,3,1549,0.0
ParlaMint-PL_2016-11-03-sejm-29-1.u272,1724,16,1740,0.0
ParlaMint-PL_2021-07-22-sejm-35-2.u2,1570,3,1573,0.0
ParlaMint-PL_2017-12-12-senat-52-1.u229,1616,14,1630,0.0
ParlaMint-PL_2017-06-08-sejm-43-2.u367,1813,12,1825,0.0
ParlaMint-PL_2021-10-27-senat-32-1.u362,1597,3,1600,0.0
ParlaMint-PL_2020-01-09-sejm-03-2.u141,1803,16,1819,0.0
ParlaMint-PL_2016-09-13-sejm-25-1.u62,3183,35,3218,0.0
ParlaMint-PL_2017-04-26-senat-40-1.u392,1548,11,1559,0.0
ParlaMint-PL_2022-04-28-sejm-53-2.u142,1928,17,1945,0.0
ParlaMint-PL_2019-07-31-senat-83-1.u252,1626,3,1629,0.0
ParlaMint-PL_2016-06-08-sejm-20-1.u553,1784,14,1798,0.0
ParlaMint-PL_2016-06-09-sejm-20-2.u523,2136,21,2157,0.0
ParlaMint-PL_2022-05-26-sejm-55-2.u322,1527,3,1530,0.0
ParlaMint-PL_2021-04-15-sejm-28-2.u22,1602,3,1605,0.0
ParlaMint-PL_2016-03-18-sejm-14-3.u3,1511,3,1514,0.0
ParlaMint-PL_2021-07-22-sejm-35-2.u307,2206,31,2237,0.0
ParlaMint-PL_2017-12-14-sejm-54-3.u233,1706,3,1709,0.0
ParlaMint-PL_2019-08-09-sejm-85-2.u18,1559,3,1562,0.0
ParlaMint-PL_2019-04-04-sejm-79-2.u171,1505,3,1508,0.0
ParlaMint-PL_2017-03-09-sejm-37-2.u89,1510,3,1513,0.0
ParlaMint-PL_2017-06-20-sejm-44-1.u279,2121,24,2145,0.0
ParlaMint-PL_2020-11-18-sejm-21-1.u287,2961,65,3026,0.0
ParlaMint-PL_2017-09-22-senat-47-2.u89,1594,3,1597,0.0
ParlaMint-PL_2016-07-19-sejm-23-1.u168,1581,11,1592,0.0
ParlaMint-PL_2019-11-13-senat-01-2.u26,1840,17,1857,0.0
ParlaMint-PL_2016-11-30-sejm-31-2.u413,1517,3,1520,0.0
ParlaMint-PL_2016-03-09-senat-12-1.u48,1721,14,1735,0.0
ParlaMint-PL_2018-05-09-sejm-62-2.u112,1647,22,1669,0.0
ParlaMint-PL_2015-12-31-senat-07-2.u30,1847,14,1861,0.0
ParlaMint-PL_2015-12-29-sejm-07-1.u96,2917,14,2931,0.0
ParlaMint-PL_2019-09-25-senat-85-1.u96,3037,14,3051,0.0
ParlaMint-PL_2020-04-15-sejm-10-1.u13,2597,19,2616,0.0
ParlaMint-PL_2019-05-15-sejm-81-1.u281,1502,3,1505,0.0
ParlaMint-PL_2021-09-09-senat-29-1.u228,1600,11,1611,0.0
ParlaMint-PL_2016-01-28-senat-09-1.u184,1657,3,1660,0.0
ParlaMint-PL_2021-11-16-sejm-42-1.u528,1774,20,1794,0.0
ParlaMint-PL_2016-12-13-sejm-32-1.u147,1647,14,1661,0.0
ParlaMint-PL_2016-05-18-senat-18-1.u176,1549,17,1566,0.0
ParlaMint-PL_2015-12-09-sejm-04-1.u84,1833,27,1860,0.0
ParlaMint-PL_2017-09-12-sejm-47-1.u150,1813,14,1827,0.0
ParlaMint-PL_2020-02-12-sejm-05-1.u325,2267,14,2281,0.0
ParlaMint-PL_2016-02-10-sejm-11-2.u260,1527,3,1530,0.0
ParlaMint-PL_2016-04-27-sejm-17-1.u90,1855,11,1866,0.0
ParlaMint-PL_2015-12-29-sejm-07-1.u276,1679,19,1698,0.0
ParlaMint-PL_2019-12-20-sejm-02-3.u251,1652,13,1665,0.0
ParlaMint-PL_2016-06-09-sejm-20-2.u329,1756,14,1770,0.0
ParlaMint-PL_2016-03-31-sejm-15-2.u223,1502,3,1505,0.0
ParlaMint-PL_2018-05-08-sejm-62-1.u436,1559,3,1562,0.0
ParlaMint-PL_2016-10-06-sejm-27-3.u385,1729,17,1746,0.0
ParlaMint-PL_2018-12-06-sejm-73-2.u66,1511,3,1514,0.0
ParlaMint-PL_2018-09-12-sejm-68-1.u249,3107,14,3121,0.0
ParlaMint-PL_2017-12-06-senat-51-2.u91,2141,27,2168,0.0
ParlaMint-PL_2020-10-21-sejm-19-2.u68,1508,3,1511,0.0
ParlaMint-PL_2019-09-25-senat-85-1.u22,1602,3,1605,0.0
ParlaMint-PL_2021-07-08-sejm-34-2.u309,1650,17,1667,0.0
ParlaMint-PL_2021-08-05-senat-28-2.u246,1658,3,1661,0.0
ParlaMint-PL_2017-03-08-sejm-37-1.u229,2379,17,2396,0.0
ParlaMint-PL_2016-08-03-senat-24-1.u124,1892,14,1906,0.0
ParlaMint-PL_2019-05-09-senat-78-2.u77,1627,3,1630,0.0
ParlaMint-PL_2020-10-27-sejm-20-1.u445,1988,9,1997,0.0
ParlaMint-PL_2016-04-27-sejm-17-1.u25,1575,3,1578,0.0
ParlaMint-PL_2018-07-10-senat-63-1.u148,2200,13,2213,0.0
ParlaMint-PL_2016-01-14-sejm-08-2.u331,1504,3,1507,0.0
ParlaMint-PL_2020-08-13-senat-14-3.u89,2208,13,2221,0.0
ParlaMint-PL_2018-12-28-senat-70-1.u78,1695,17,1712,0.0
ParlaMint-PL_2018-11-22-sejm-72-2.u353,1784,14,1798,0.0
ParlaMint-PL_2020-10-27-sejm-20-1.u143,1735,25,1760,0.0
ParlaMint-PL_2017-11-09-sejm-51-2.u107,1540,14,1554,0.0
ParlaMint-PL_2017-10-10-sejm-49-1.u221,1524,3,1527,0.0
ParlaMint-PL_2019-07-17-sejm-84-1.u88,1728,18,1746,0.0
ParlaMint-PL_2021-03-17-sejm-27-2.u309,1709,17,1726,0.0
ParlaMint-PL_2021-03-16-sejm-27-1.u129,1737,11,1748,0.0
ParlaMint-PL_2020-04-08-sejm-09-5.u39,1579,3,1582,0.0
ParlaMint-PL_2016-01-28-senat-09-1.u261,1633,24,1657,0.0
ParlaMint-PL_2016-10-06-sejm-27-3.u344,2828,26,2854,0.0
ParlaMint-PL_2017-04-05-sejm-39-1.u283,1553,3,1556,0.0
ParlaMint-PL_2018-05-10-sejm-62-3.u201,3232,26,3258,0.0
ParlaMint-PL_2018-10-04-sejm-69-3.u177,3240,21,3261,0.0
ParlaMint-PL_2020-12-02-senat-18-5.u186,1613,3,1616,0.0
ParlaMint-PL_2022-04-28-sejm-53-2.u368,1513,3,1516,0.0
ParlaMint-PL_2021-12-15-senat-34-2.u375,1730,3,1733,0.0
ParlaMint-PL_2015-12-22-sejm-06-2.u399,1561,14,1575,0.0
ParlaMint-PL_2016-01-28-sejm-09-2.u259,2978,38,3016,0.0
ParlaMint-PL_2022-06-23-sejm-57-2.u85,2119,24,2143,0.0
ParlaMint-PL_2017-11-09-sejm-51-2.u240,1701,14,1715,0.0
ParlaMint-PL_2017-07-21-senat-45-6.u53,1940,3,1943,0.0
ParlaMint-PL_2017-09-13-sejm-47-2.u193,1703,3,1706,0.0
ParlaMint-PL_2020-07-23-sejm-15-2.u456,1508,3,1511,0.0
ParlaMint-PL_2022-03-09-senat-38-1.u208,1540,20,1560,0.0
ParlaMint-PL_2016-03-10-sejm-13-2.u112,1755,14,1769,0.0
ParlaMint-PL_2017-03-08-sejm-37-1.u356,1538,3,1541,0.0
ParlaMint-PL_2017-07-21-senat-45-6.u164,1557,3,1560,0.0
ParlaMint-PL_2018-07-10-senat-63-1.u89,1895,16,1911,0.0
ParlaMint-PL_2017-11-09-senat-49-1.u72,1785,19,1804,0.0
ParlaMint-PL_2018-12-12-sejm-74-1.u167,1528,3,1531,0.0
ParlaMint-PL_2017-07-18-sejm-46-1.u110,2960,22,2982,0.0
ParlaMint-PL_2018-11-21-sejm-72-1.u42,1847,17,1864,0.0
ParlaMint-PL_2017-11-09-sejm-51-2.u804,1793,14,1807,0.0
ParlaMint-PL_2018-07-05-sejm-66-3.u521,1734,21,1755,0.0
ParlaMint-PL_2017-07-13-senat-45-2.u49,1607,13,1620,0.0
ParlaMint-PL_2015-12-29-sejm-07-1.u506,1763,17,1780,0.0
ParlaMint-PL_2018-07-25-senat-64-2.u301,1512,10,1522,0.0
ParlaMint-PL_2017-05-17-senat-41-2.u28,1588,14,1602,0.0
ParlaMint-PL_2018-06-14-sejm-64-1.u4,1796,3,1799,0.0
ParlaMint-PL_2016-07-05-sejm-22-1.u192,2228,23,2251,0.0
ParlaMint-PL_2018-07-19-sejm-67-2.u124,1765,22,1787,0.0
ParlaMint-PL_2017-12-07-sejm-53-2.u83,1560,3,1563,0.0
ParlaMint-PL_2017-12-19-senat-53-1.u47,1799,14,1813,0.0
ParlaMint-PL_2017-07-19-senat-45-5.u22,1947,23,1970,0.0
ParlaMint-PL_2017-06-21-senat-43-1.u159,1651,11,1662,0.0
ParlaMint-PL_2019-04-12-senat-76-2.u65,2605,3,2608,0.0
ParlaMint-PL_2017-01-11-senat-33-1.u70,1897,9,1906,0.0
ParlaMint-PL_2019-06-13-sejm-82-2.u11,1633,3,1636,0.0
ParlaMint-PL_2018-04-13-senat-59-2.u129,1614,14,1628,0.0
ParlaMint-PL_2022-06-30-senat-45-2.u154,1529,3,1532,0.0
ParlaMint-PL_2020-02-12-sejm-05-1.u334,1569,3,1572,0.0
ParlaMint-PL_2021-11-17-sejm-42-2.u345,1593,20,1613,0.0
ParlaMint-PL_2022-05-25-sejm-55-1.u193,1831,28,1859,0.0
ParlaMint-PL_2016-07-22-sejm-23-4.u354,1519,3,1522,0.0
ParlaMint-PL_2018-07-26-senat-64-3.u360,1692,11,1703,0.0
ParlaMint-PL_2017-04-20-sejm-40-1.u347,1630,3,1633,0.0
ParlaMint-PL_2022-04-12-senat-40-1.u72,3177,35,3212,0.0
ParlaMint-PL_2020-01-15-senat-03-1.u176,1602,3,1605,0.0
ParlaMint-PL_2018-10-25-senat-66-2.u228,1656,13,1669,0.0
ParlaMint-PL_2022-06-09-senat-44-2.u172,2791,19,2810,0.0
ParlaMint-PL_2016-07-20-sejm-23-2.u101,1517,3,1520,0.0
ParlaMint-PL_2016-06-10-sejm-20-3.u88,1720,24,1744,0.0
ParlaMint-PL_2019-01-16-sejm-76-1.u46,1663,24,1687,0.0
ParlaMint-PL_2016-09-22-sejm-26-2.u558,1548,3,1551,0.0
ParlaMint-PL_2020-06-02-sejm-12-3.u37,1811,14,1825,0.0
ParlaMint-PL_2019-10-16-sejm-86-3.u61,1527,3,1530,0.0
ParlaMint-PL_2020-04-08-sejm-09-5.u38,1544,3,1547,0.0
ParlaMint-PL_2022-02-08-sejm-48-1.u113,1720,15,1735,0.0
ParlaMint-PL_2018-10-02-sejm-69-1.u320,1750,20,1770,0.0
ParlaMint-PL_2020-04-29-sejm-11-1.u202,1512,3,1515,0.0
ParlaMint-PL_2020-04-30-sejm-11-2.u57,2220,30,2250,0.0
ParlaMint-PL_2015-12-22-sejm-06-2.u170,1619,3,1622,0.0
ParlaMint-PL_2018-12-05-sejm-73-1.u145,2586,26,2612,0.0
ParlaMint-PL_2022-05-25-sejm-55-1.u155,1920,32,1952,0.0
ParlaMint-PL_2017-12-12-senat-52-1.u123,1521,3,1524,0.0
ParlaMint-PL_2019-03-20-senat-75-1.u58,1957,11,1968,0.0
ParlaMint-PL_2016-01-13-senat-08-1.u63,2238,3,2241,0.0
ParlaMint-PL_2016-06-08-senat-19-1.u141,1531,3,1534,0.0
ParlaMint-PL_2020-02-05-senat-04-1.u146,2115,14,2129,0.0
ParlaMint-PL_2018-02-06-sejm-58-1.u44,1680,24,1704,0.0
ParlaMint-PL_2017-12-07-sejm-53-2.u357,2186,24,2210,0.0
ParlaMint-PL_2020-04-30-sejm-11-2.u197,1921,16,1937,0.0
ParlaMint-PL_2022-02-16-senat-37-1.u227,1527,3,1530,0.0
ParlaMint-PL_2015-11-19-senat-02-2.u11,1611,33,1644,0.0
ParlaMint-PL_2018-12-28-senat-70-1.u121,2361,18,2379,0.0
ParlaMint-PL_2018-07-25-senat-64-2.u261,2504,36,2540,0.0
ParlaMint-PL_2021-12-16-senat-34-3.u25,2321,3,2324,0.0
ParlaMint-PL_2015-11-25-sejm-02-1.u204,3305,14,3319,0.0
ParlaMint-PL_2019-03-13-sejm-78-1.u149,1512,3,1515,0.0
ParlaMint-PL_2016-05-18-sejm-19-1.u464,1672,3,1675,0.0
ParlaMint-PL_2016-09-22-sejm-26-2.u333,1880,28,1908,0.0
ParlaMint-PL_2021-10-07-senat-31-1.u153,1539,3,1542,0.0
ParlaMint-PL_2017-12-12-senat-52-1.u299,2320,22,2342,0.0
ParlaMint-PL_2017-02-08-sejm-35-1.u84,2414,24,2438,0.0
ParlaMint-PL_2016-07-06-senat-22-1.u126,1710,21,1731,0.0
ParlaMint-PL_2021-10-01-sejm-38-3.u207,1701,11,1712,0.0
ParlaMint-PL_2018-06-27-senat-62-1.u237,1513,3,1516,0.0
ParlaMint-PL_2021-09-29-sejm-38-1.u512,1529,3,1532,0.0
ParlaMint-PL_2016-12-15-sejm-32-3.u119,2088,21,2109,0.0
ParlaMint-PL_2017-11-24-sejm-52-3.u277,1713,14,1727,0.0
ParlaMint-PL_2017-11-15-senat-50-2.u3,1579,3,1582,0.0
ParlaMint-PL_2016-12-15-senat-32-3.u144,1765,24,1789,0.0
ParlaMint-PL_2021-06-15-sejm-31-1.u51,1743,11,1754,0.0
ParlaMint-PL_2022-06-29-senat-45-1.u246,1588,12,1600,0.0
ParlaMint-PL_2022-04-28-senat-41-2.u26,2205,3,2208,0.0
ParlaMint-PL_2021-06-24-sejm-33-2.u225,1765,27,1792,0.0
ParlaMint-PL_2017-11-09-sejm-51-2.u812,1929,14,1943,0.0
ParlaMint-PL_2017-09-28-sejm-48-2.u272,1804,17,1821,0.0
ParlaMint-PL_2022-01-12-sejm-46-1.u35,2165,35,2200,0.0
ParlaMint-PL_2022-03-09-sejm-50-2.u112,1804,32,1836,0.0
ParlaMint-PL_2022-02-24-sejm-49-2.u95,1813,47,1860,0.0
ParlaMint-PL_2017-07-21-senat-45-6.u235,1763,3,1766,0.0
ParlaMint-PL_2016-10-19-senat-28-1.u310,2165,27,2192,0.0
ParlaMint-PL_2021-11-09-sejm-41-1.u129,1861,28,1889,0.0
ParlaMint-PL_2020-07-15-sejm-14-1.u77,1795,11,1806,0.0
ParlaMint-PL_2017-12-13-sejm-54-2.u289,1517,3,1520,0.0
ParlaMint-PL_2020-09-10-senat-15-1.u8,1912,3,1915,0.0
ParlaMint-PL_2017-05-17-senat-41-2.u18,3074,23,3097,0.0
ParlaMint-PL_2018-11-22-senat-67-2.u180,1709,15,1724,0.0
ParlaMint-PL_2020-08-13-senat-14-3.u266,1644,3,1647,0.0
ParlaMint-PL_2022-03-10-senat-38-2.u12,2045,25,2070,0.0
ParlaMint-PL_2021-09-15-sejm-37-1.u196,2591,50,2641,0.0
ParlaMint-PL_2020-04-16-sejm-10-2.u124,1695,3,1698,0.0
ParlaMint-PL_2016-12-01-sejm-31-3.u261,1815,23,1838,0.0
ParlaMint-PL_2019-04-25-sejm-80-3.u514,1686,10,1696,0.0
ParlaMint-PL_2017-02-22-sejm-36-1.u309,1510,3,1513,0.0
ParlaMint-PL_2018-05-09-senat-60-1.u338,1566,9,1575,0.0
ParlaMint-PL_2022-05-25-sejm-55-1.u570,1633,17,1650,0.0
ParlaMint-PL_2021-06-23-sejm-33-1.u256,1947,26,1973,0.0
ParlaMint-PL_2020-07-22-sejm-15-1.u101,1778,11,1789,0.0
ParlaMint-PL_2020-06-04-sejm-12-4.u33,1761,3,1764,0.0
ParlaMint-PL_2016-11-04-sejm-29-2.u517,3204,14,3218,0.0
ParlaMint-PL_2015-11-26-sejm-02-2.u78,1562,3,1565,0.0
ParlaMint-PL_2020-06-03-senat-11-3.u303,3110,22,3132,0.0
ParlaMint-PL_2016-10-05-sejm-27-2.u218,3098,27,3125,0.0
ParlaMint-PL_2019-10-17-senat-85-3.u40,2346,37,2383,0.0
ParlaMint-PL_2020-06-03-senat-11-3.u199,1514,3,1517,0.0
ParlaMint-PL_2017-05-24-sejm-42-1.u240,1857,14,1871,0.0
ParlaMint-PL_2021-10-13-sejm-39-1.u235,2114,21,2135,0.0
ParlaMint-PL_2021-03-25-senat-22-2.u226,3364,27,3391,0.0
ParlaMint-PL_2017-07-07-sejm-45-2.u23,1625,3,1628,0.0
ParlaMint-PL_2019-04-03-sejm-79-1.u302,2933,36,2969,0.0
ParlaMint-PL_2021-10-28-sejm-40-1.u26,1508,3,1511,0.0
ParlaMint-PL_2017-04-06-sejm-39-2.u491,1543,3,1546,0.0
ParlaMint-PL_2019-03-15-sejm-78-3.u102,1689,14,1703,0.0
ParlaMint-PL_2017-07-21-senat-45-6.u192,1593,14,1607,0.0
ParlaMint-PL_2018-07-10-senat-63-1.u50,1910,3,1913,0.0
ParlaMint-PL_2017-06-07-sejm-43-1.u518,1572,3,1575,0.0
ParlaMint-PL_2021-12-14-sejm-44-1.u81,1801,22,1823,0.0
ParlaMint-PL_2017-04-07-sejm-39-3.u231,2121,3,2124,0.0
ParlaMint-PL_2016-01-29-sejm-10-2.u730,1512,3,1515,0.0
ParlaMint-PL_2019-02-21-sejm-77-4.u359,1515,3,1518,0.0
ParlaMint-PL_2022-05-25-sejm-55-1.u20,1749,11,1760,0.0
ParlaMint-PL_2017-10-13-sejm-49-4.u61,1861,11,1872,0.0
ParlaMint-PL_2018-05-10-sejm-62-3.u359,1556,17,1573,0.0
ParlaMint-PL_2016-06-22-sejm-21-2.u253,1924,23,1947,0.0
ParlaMint-PL_2017-04-26-senat-40-1.u336,1827,27,1854,0.0
ParlaMint-PL_2022-05-18-senat-42-1.u541,1934,22,1956,0.0
ParlaMint-PL_2021-05-19-sejm-30-1.u33,1807,21,1828,0.0
ParlaMint-PL_2016-07-21-sejm-23-3.u285,1761,21,1782,0.0
ParlaMint-PL_2019-06-13-sejm-82-2.u436,1601,17,1618,0.0
ParlaMint-PL_2016-05-11-senat-17-1.u82,1742,21,1763,0.0
ParlaMint-PL_2017-03-22-sejm-38-1.u133,1504,3,1507,0.0
ParlaMint-PL_2016-07-21-sejm-23-3.u321,1587,14,1601,0.0
ParlaMint-PL_2022-06-09-senat-44-2.u6,3091,26,3117,0.0
ParlaMint-PL_2020-03-02-sejm-07-1.u34,1572,3,1575,0.0
ParlaMint-PL_2017-03-09-sejm-37-2.u483,1628,22,1650,0.0
ParlaMint-PL_2019-12-19-sejm-02-2.u250,1568,3,1571,0.0
ParlaMint-PL_2019-05-15-sejm-81-1.u108,1662,22,1684,0.0
ParlaMint-PL_2018-07-18-sejm-67-1.u390,1533,3,1536,0.0
ParlaMint-PL_2017-07-05-sejm-45-1.u164,1781,21,1802,0.0
ParlaMint-PL_2018-03-07-senat-57-2.u118,1615,17,1632,0.0
ParlaMint-PL_2016-06-21-sejm-21-1.u178,1762,18,1780,0.0
ParlaMint-PL_2016-12-16-sejm-33-1.u191,1594,3,1597,0.0
ParlaMint-PL_2015-11-18-sejm-01-4.u30,2534,37,2571,0.0
ParlaMint-PL_2016-07-19-sejm-23-1.u183,2014,3,2017,0.0
ParlaMint-PL_2019-04-11-senat-76-1.u34,1532,11,1543,0.0
ParlaMint-PL_2016-03-30-sejm-15-1.u180,1913,35,1948,0.0
ParlaMint-PL_2019-10-17-senat-85-3.u28,1977,21,1998,0.0
ParlaMint-PL_2019-02-26-senat-74-1.u75,1521,3,1524,0.0
ParlaMint-PL_2016-07-05-sejm-22-1.u82,1750,14,1764,0.0
ParlaMint-PL_2017-12-05-senat-51-1.u202,1724,14,1738,0.0
ParlaMint-PL_2016-07-07-sejm-22-3.u337,1759,14,1773,0.0
ParlaMint-PL_2016-01-28-senat-09-1.u126,1560,3,1563,0.0
ParlaMint-PL_2016-12-01-senat-31-4.u2,1557,3,1560,0.0
ParlaMint-PL_2022-03-17-senat-38-4.u80,3115,34,3149,0.0
ParlaMint-PL_2018-07-20-sejm-67-3.u259,1575,14,1589,0.0
ParlaMint-PL_2020-06-18-senat-12-2.u85,3121,25,3146,0.0
ParlaMint-PL_2018-01-11-sejm-56-1.u24,1695,14,1709,0.0
ParlaMint-PL_2019-02-20-sejm-77-3.u81,1559,3,1562,0.0
ParlaMint-PL_2018-10-02-sejm-69-1.u405,3284,13,3297,0.0
ParlaMint-PL_2016-10-19-sejm-28-1.u82,1510,3,1513,0.0
ParlaMint-PL_2016-02-12-senat-10-1.u245,1761,3,1764,0.0
ParlaMint-PL_2022-04-06-sejm-52-1.u369,1565,3,1568,0.0
ParlaMint-PL_2017-09-12-sejm-47-1.u270,1753,23,1776,0.0
ParlaMint-PL_2017-07-12-sejm-45-3.u729,2459,27,2486,0.0
ParlaMint-PL_2019-01-23-senat-71-1.u71,1526,5,1531,0.0
